Date,Terminal,Carrier,Forecasted_Passengers
2025-01-01,MBT,academy,159868.0
2025-02-01,MBT,academy,161906.0
2025-03-01,MBT,academy,172751.0
2025-04-01,MBT,academy,184055.0
2025-05-01,MBT,academy,180510.0
2025-06-01,MBT,academy,185759.0
2025-07-01,MBT,academy,200083.0
2025-08-01,MBT,academy,192779.0
2025-09-01,MBT,academy,178233.0
2025-10-01,MBT,academy,174918.0
2025-11-01,MBT,academy,163205.0
2025-12-01,MBT,academy,154791.0
2026-01-01,MBT,academy,160168.0
2026-02-01,MBT,academy,154655.0
2026-03-01,MBT,academy,162581.0
2026-04-01,MBT,academy,175389.0
2026-05-01,MBT,academy,178427.0
2026-06-01,MBT,academy,190362.0
2026-07-01,MBT,academy,189559.0
2026-08-01,MBT,academy,183759.0
2026-09-01,MBT,academy,189703.0
2026-10-01,MBT,academy,172785.0
2026-11-01,MBT,academy,167501.0
2026-12-01,MBT,academy,151553.0
2027-01-01,MBT,academy,157810.0
2027-02-01,MBT,academy,166401.0
2027-03-01,MBT,academy,167142.0
2027-04-01,MBT,academy,181838.0
2027-05-01,MBT,academy,182299.0
2027-06-01,MBT,academy,189194.0
2027-07-01,MBT,academy,193003.0
2027-08-01,MBT,academy,201960.0
2027-09-01,MBT,academy,184101.0
2027-10-01,MBT,academy,170335.0
2027-11-01,MBT,academy,172918.0
2027-12-01,MBT,academy,154129.0
2028-01-01,MBT,academy,163150.0
2028-02-01,MBT,academy,157672.0
2028-03-01,MBT,academy,167949.0
2028-04-01,MBT,academy,182704.0
2028-05-01,MBT,academy,190805.0
2028-06-01,MBT,academy,193371.0
2028-07-01,MBT,academy,197346.0
2028-08-01,MBT,academy,193072.0
2028-09-01,MBT,academy,178569.0
2028-10-01,MBT,academy,173733.0
2028-11-01,MBT,academy,168143.0
2028-12-01,MBT,academy,167076.0
2029-01-01,MBT,academy,165398.0
2029-02-01,MBT,academy,160280.0
2029-03-01,MBT,academy,177902.0
2029-04-01,MBT,academy,181555.0
2029-05-01,MBT,academy,185539.0
2029-06-01,MBT,academy,197434.0
2029-07-01,MBT,academy,204991.0
2029-08-01,MBT,academy,201112.0
2029-09-01,MBT,academy,183560.0
2029-10-01,MBT,academy,177496.0
2029-11-01,MBT,academy,173744.0
2029-12-01,MBT,academy,168225.0
2030-01-01,MBT,academy,162858.0
2030-02-01,MBT,academy,169792.0
2030-03-01,MBT,academy,172443.0
2030-04-01,MBT,academy,179259.0
2030-05-01,MBT,academy,194797.0
2030-06-01,MBT,academy,203018.0
2030-07-01,MBT,academy,201388.0
2030-08-01,MBT,academy,203352.0
2030-09-01,MBT,academy,191358.0
2030-10-01,MBT,academy,177526.0
2030-11-01,MBT,academy,175536.0
2030-12-01,MBT,academy,172594.0
2025-01-01,MBT,greyhound,200118.0
2025-02-01,MBT,greyhound,215260.0
2025-03-01,MBT,greyhound,201913.0
2025-04-01,MBT,greyhound,229000.0
2025-05-01,MBT,greyhound,231806.0
2025-06-01,MBT,greyhound,236474.0
2025-07-01,MBT,greyhound,245270.0
2025-08-01,MBT,greyhound,230147.0
2025-09-01,MBT,greyhound,228894.0
2025-10-01,MBT,greyhound,221307.0
2025-11-01,MBT,greyhound,218758.0
2025-12-01,MBT,greyhound,197496.0
2026-01-01,MBT,greyhound,198326.0
2026-02-01,MBT,greyhound,206686.0
2026-03-01,MBT,greyhound,223126.0
2026-04-01,MBT,greyhound,228962.0
2026-05-01,MBT,greyhound,231188.0
2026-06-01,MBT,greyhound,243503.0
2026-07-01,MBT,greyhound,248098.0
2026-08-01,MBT,greyhound,248564.0
2026-09-01,MBT,greyhound,228963.0
2026-10-01,MBT,greyhound,220180.0
2026-11-01,MBT,greyhound,211250.0
2026-12-01,MBT,greyhound,194765.0
2027-01-01,MBT,greyhound,206484.0
2027-02-01,MBT,greyhound,213107.0
2027-03-01,MBT,greyhound,220778.0
2027-04-01,MBT,greyhound,228553.0
2027-05-01,MBT,greyhound,229144.0
2027-06-01,MBT,greyhound,241278.0
2027-07-01,MBT,greyhound,248566.0
2027-08-01,MBT,greyhound,241927.0
2027-09-01,MBT,greyhound,234454.0
2027-10-01,MBT,greyhound,226560.0
2027-11-01,MBT,greyhound,225727.0
2027-12-01,MBT,greyhound,205726.0
2028-01-01,MBT,greyhound,208583.0
2028-02-01,MBT,greyhound,213706.0
2028-03-01,MBT,greyhound,213059.0
2028-04-01,MBT,greyhound,232231.0
2028-05-01,MBT,greyhound,239615.0
2028-06-01,MBT,greyhound,259287.0
2028-07-01,MBT,greyhound,252161.0
2028-08-01,MBT,greyhound,250527.0
2028-09-01,MBT,greyhound,237751.0
2028-10-01,MBT,greyhound,220726.0
2028-11-01,MBT,greyhound,224190.0
2028-12-01,MBT,greyhound,211064.0
2029-01-01,MBT,greyhound,213714.0
2029-02-01,MBT,greyhound,211659.0
2029-03-01,MBT,greyhound,233140.0
2029-04-01,MBT,greyhound,227518.0
2029-05-01,MBT,greyhound,245057.0
2029-06-01,MBT,greyhound,260566.0
2029-07-01,MBT,greyhound,250730.0
2029-08-01,MBT,greyhound,248677.0
2029-09-01,MBT,greyhound,241088.0
2029-10-01,MBT,greyhound,226753.0
2029-11-01,MBT,greyhound,212317.0
2029-12-01,MBT,greyhound,209721.0
2030-01-01,MBT,greyhound,206195.0
2030-02-01,MBT,greyhound,221367.0
2030-03-01,MBT,greyhound,223309.0
2030-04-01,MBT,greyhound,245739.0
2030-05-01,MBT,greyhound,240445.0
2030-06-01,MBT,greyhound,249974.0
2030-07-01,MBT,greyhound,263090.0
2030-08-01,MBT,greyhound,247904.0
2030-09-01,MBT,greyhound,244391.0
2030-10-01,MBT,greyhound,238851.0
2030-11-01,MBT,greyhound,214419.0
2030-12-01,MBT,greyhound,212615.0
2025-01-01,MBT,coach_usa,130225.0
2025-02-01,MBT,coach_usa,137445.0
2025-03-01,MBT,coach_usa,131835.0
2025-04-01,MBT,coach_usa,137073.0
2025-05-01,MBT,coach_usa,151719.0
2025-06-01,MBT,coach_usa,154796.0
2025-07-01,MBT,coach_usa,158881.0
2025-08-01,MBT,coach_usa,156798.0
2025-09-01,MBT,coach_usa,144233.0
2025-10-01,MBT,coach_usa,142510.0
2025-11-01,MBT,coach_usa,137404.0
2025-12-01,MBT,coach_usa,124902.0
2026-01-01,MBT,coach_usa,140892.0
2026-02-01,MBT,coach_usa,137449.0
2026-03-01,MBT,coach_usa,133890.0
2026-04-01,MBT,coach_usa,150017.0
2026-05-01,MBT,coach_usa,145264.0
2026-06-01,MBT,coach_usa,159520.0
2026-07-01,MBT,coach_usa,166001.0
2026-08-01,MBT,coach_usa,152260.0
2026-09-01,MBT,coach_usa,155344.0
2026-10-01,MBT,coach_usa,145339.0
2026-11-01,MBT,coach_usa,142112.0
2026-12-01,MBT,coach_usa,141181.0
2027-01-01,MBT,coach_usa,130743.0
2027-02-01,MBT,coach_usa,132302.0
2027-03-01,MBT,coach_usa,137380.0
2027-04-01,MBT,coach_usa,143643.0
2027-05-01,MBT,coach_usa,152216.0
2027-06-01,MBT,coach_usa,159003.0
2027-07-01,MBT,coach_usa,163096.0
2027-08-01,MBT,coach_usa,163486.0
2027-09-01,MBT,coach_usa,151930.0
2027-10-01,MBT,coach_usa,152985.0
2027-11-01,MBT,coach_usa,137773.0
2027-12-01,MBT,coach_usa,147448.0
2028-01-01,MBT,coach_usa,137295.0
2028-02-01,MBT,coach_usa,133451.0
2028-03-01,MBT,coach_usa,138165.0
2028-04-01,MBT,coach_usa,152786.0
2028-05-01,MBT,coach_usa,153322.0
2028-06-01,MBT,coach_usa,163071.0
2028-07-01,MBT,coach_usa,166231.0
2028-08-01,MBT,coach_usa,160444.0
2028-09-01,MBT,coach_usa,149023.0
2028-10-01,MBT,coach_usa,138181.0
2028-11-01,MBT,coach_usa,138500.0
2028-12-01,MBT,coach_usa,138666.0
2029-01-01,MBT,coach_usa,136664.0
2029-02-01,MBT,coach_usa,133003.0
2029-03-01,MBT,coach_usa,146931.0
2029-04-01,MBT,coach_usa,154114.0
2029-05-01,MBT,coach_usa,151550.0
2029-06-01,MBT,coach_usa,161914.0
2029-07-01,MBT,coach_usa,165941.0
2029-08-01,MBT,coach_usa,156449.0
2029-09-01,MBT,coach_usa,157677.0
2029-10-01,MBT,coach_usa,151622.0
2029-11-01,MBT,coach_usa,148812.0
2029-12-01,MBT,coach_usa,141428.0
2030-01-01,MBT,coach_usa,129424.0
2030-02-01,MBT,coach_usa,136455.0
2030-03-01,MBT,coach_usa,150646.0
2030-04-01,MBT,coach_usa,156705.0
2030-05-01,MBT,coach_usa,161310.0
2030-06-01,MBT,coach_usa,184608.0
2030-07-01,MBT,coach_usa,170846.0
2030-08-01,MBT,coach_usa,171207.0
2030-09-01,MBT,coach_usa,162924.0
2030-10-01,MBT,coach_usa,153947.0
2030-11-01,MBT,coach_usa,142727.0
2030-12-01,MBT,coach_usa,141433.0
2025-01-01,MBT,transbridge,167133.0
2025-02-01,MBT,transbridge,176048.0
2025-03-01,MBT,transbridge,182198.0
2025-04-01,MBT,transbridge,193179.0
2025-05-01,MBT,transbridge,212150.0
2025-06-01,MBT,transbridge,193287.0
2025-07-01,MBT,transbridge,214177.0
2025-08-01,MBT,transbridge,197141.0
2025-09-01,MBT,transbridge,194800.0
2025-10-01,MBT,transbridge,194914.0
2025-11-01,MBT,transbridge,181620.0
2025-12-01,MBT,transbridge,165745.0
2026-01-01,MBT,transbridge,169962.0
2026-02-01,MBT,transbridge,184024.0
2026-03-01,MBT,transbridge,183429.0
2026-04-01,MBT,transbridge,196757.0
2026-05-01,MBT,transbridge,201626.0
2026-06-01,MBT,transbridge,203404.0
2026-07-01,MBT,transbridge,225802.0
2026-08-01,MBT,transbridge,213368.0
2026-09-01,MBT,transbridge,188473.0
2026-10-01,MBT,transbridge,192293.0
2026-11-01,MBT,transbridge,179933.0
2026-12-01,MBT,transbridge,179596.0
2027-01-01,MBT,transbridge,171996.0
2027-02-01,MBT,transbridge,181908.0
2027-03-01,MBT,transbridge,193395.0
2027-04-01,MBT,transbridge,203372.0
2027-05-01,MBT,transbridge,197140.0
2027-06-01,MBT,transbridge,208220.0
2027-07-01,MBT,transbridge,213376.0
2027-08-01,MBT,transbridge,208745.0
2027-09-01,MBT,transbridge,213675.0
2027-10-01,MBT,transbridge,196286.0
2027-11-01,MBT,transbridge,178995.0
2027-12-01,MBT,transbridge,182445.0
2028-01-01,MBT,transbridge,191682.0
2028-02-01,MBT,transbridge,191246.0
2028-03-01,MBT,transbridge,184128.0
2028-04-01,MBT,transbridge,198191.0
2028-05-01,MBT,transbridge,214561.0
2028-06-01,MBT,transbridge,208962.0
2028-07-01,MBT,transbridge,221821.0
2028-08-01,MBT,transbridge,220141.0
2028-09-01,MBT,transbridge,200628.0
2028-10-01,MBT,transbridge,196249.0
2028-11-01,MBT,transbridge,169907.0
2028-12-01,MBT,transbridge,173448.0
2029-01-01,MBT,transbridge,180160.0
2029-02-01,MBT,transbridge,180362.0
2029-03-01,MBT,transbridge,205400.0
2029-04-01,MBT,transbridge,195394.0
2029-05-01,MBT,transbridge,207354.0
2029-06-01,MBT,transbridge,216854.0
2029-07-01,MBT,transbridge,230731.0
2029-08-01,MBT,transbridge,210070.0
2029-09-01,MBT,transbridge,215797.0
2029-10-01,MBT,transbridge,199364.0
2029-11-01,MBT,transbridge,185836.0
2029-12-01,MBT,transbridge,184681.0
2030-01-01,MBT,transbridge,185314.0
2030-02-01,MBT,transbridge,186753.0
2030-03-01,MBT,transbridge,198858.0
2030-04-01,MBT,transbridge,204343.0
2030-05-01,MBT,transbridge,213485.0
2030-06-01,MBT,transbridge,222933.0
2030-07-01,MBT,transbridge,234610.0
2030-08-01,MBT,transbridge,214210.0
2030-09-01,MBT,transbridge,224357.0
2030-10-01,MBT,transbridge,190490.0
2030-11-01,MBT,transbridge,193328.0
2030-12-01,MBT,transbridge,187889.0
2025-01-01,MBT,peterpan,144819.0
2025-02-01,MBT,peterpan,144028.0
2025-03-01,MBT,peterpan,152966.0
2025-04-01,MBT,peterpan,157583.0
2025-05-01,MBT,peterpan,161839.0
2025-06-01,MBT,peterpan,175627.0
2025-07-01,MBT,peterpan,177450.0
2025-08-01,MBT,peterpan,168067.0
2025-09-01,MBT,peterpan,170394.0
2025-10-01,MBT,peterpan,159154.0
2025-11-01,MBT,peterpan,156260.0
2025-12-01,MBT,peterpan,147518.0
2026-01-01,MBT,peterpan,140226.0
2026-02-01,MBT,peterpan,146779.0
2026-03-01,MBT,peterpan,161351.0
2026-04-01,MBT,peterpan,166984.0
2026-05-01,MBT,peterpan,167998.0
2026-06-01,MBT,peterpan,173794.0
2026-07-01,MBT,peterpan,185940.0
2026-08-01,MBT,peterpan,171428.0
2026-09-01,MBT,peterpan,170818.0
2026-10-01,MBT,peterpan,158482.0
2026-11-01,MBT,peterpan,152259.0
2026-12-01,MBT,peterpan,152691.0
2027-01-01,MBT,peterpan,152773.0
2027-02-01,MBT,peterpan,157659.0
2027-03-01,MBT,peterpan,167273.0
2027-04-01,MBT,peterpan,165890.0
2027-05-01,MBT,peterpan,174989.0
2027-06-01,MBT,peterpan,173851.0
2027-07-01,MBT,peterpan,182810.0
2027-08-01,MBT,peterpan,177021.0
2027-09-01,MBT,peterpan,170636.0
2027-10-01,MBT,peterpan,165912.0
2027-11-01,MBT,peterpan,150923.0
2027-12-01,MBT,peterpan,161116.0
2028-01-01,MBT,peterpan,143707.0
2028-02-01,MBT,peterpan,147450.0
2028-03-01,MBT,peterpan,168821.0
2028-04-01,MBT,peterpan,173228.0
2028-05-01,MBT,peterpan,177264.0
2028-06-01,MBT,peterpan,182378.0
2028-07-01,MBT,peterpan,183506.0
2028-08-01,MBT,peterpan,174997.0
2028-09-01,MBT,peterpan,173114.0
2028-10-01,MBT,peterpan,160509.0
2028-11-01,MBT,peterpan,164429.0
2028-12-01,MBT,peterpan,149496.0
2029-01-01,MBT,peterpan,147116.0
2029-02-01,MBT,peterpan,155349.0
2029-03-01,MBT,peterpan,166663.0
2029-04-01,MBT,peterpan,167385.0
2029-05-01,MBT,peterpan,170931.0
2029-06-01,MBT,peterpan,182701.0
2029-07-01,MBT,peterpan,187882.0
2029-08-01,MBT,peterpan,180149.0
2029-09-01,MBT,peterpan,172333.0
2029-10-01,MBT,peterpan,168633.0
2029-11-01,MBT,peterpan,151793.0
2029-12-01,MBT,peterpan,143947.0
2030-01-01,MBT,peterpan,150069.0
2030-02-01,MBT,peterpan,158381.0
2030-03-01,MBT,peterpan,168492.0
2030-04-01,MBT,peterpan,182587.0
2030-05-01,MBT,peterpan,183980.0
2030-06-01,MBT,peterpan,182906.0
2030-07-01,MBT,peterpan,189027.0
2030-08-01,MBT,peterpan,179809.0
2030-09-01,MBT,peterpan,177748.0
2030-10-01,MBT,peterpan,167890.0
2030-11-01,MBT,peterpan,165160.0
2030-12-01,MBT,peterpan,149809.0
2025-01-01,MBT,cj,117837.0
2025-02-01,MBT,cj,128289.0
2025-03-01,MBT,cj,122729.0
2025-04-01,MBT,cj,131171.0
2025-05-01,MBT,cj,136946.0
2025-06-01,MBT,cj,133764.0
2025-07-01,MBT,cj,141750.0
2025-08-01,MBT,cj,138092.0
2025-09-01,MBT,cj,132618.0
2025-10-01,MBT,cj,120915.0
2025-11-01,MBT,cj,121285.0
2025-12-01,MBT,cj,118284.0
2026-01-01,MBT,cj,125897.0
2026-02-01,MBT,cj,126629.0
2026-03-01,MBT,cj,139585.0
2026-04-01,MBT,cj,125812.0
2026-05-01,MBT,cj,140435.0
2026-06-01,MBT,cj,139933.0
2026-07-01,MBT,cj,156961.0
2026-08-01,MBT,cj,135147.0
2026-09-01,MBT,cj,128808.0
2026-10-01,MBT,cj,124219.0
2026-11-01,MBT,cj,109410.0
2026-12-01,MBT,cj,113611.0
2027-01-01,MBT,cj,113533.0
2027-02-01,MBT,cj,123439.0
2027-03-01,MBT,cj,129965.0
2027-04-01,MBT,cj,145235.0
2027-05-01,MBT,cj,143247.0
2027-06-01,MBT,cj,137360.0
2027-07-01,MBT,cj,139322.0
2027-08-01,MBT,cj,145989.0
2027-09-01,MBT,cj,127968.0
2027-10-01,MBT,cj,142194.0
2027-11-01,MBT,cj,132970.0
2027-12-01,MBT,cj,115961.0
2028-01-01,MBT,cj,109335.0
2028-02-01,MBT,cj,133329.0
2028-03-01,MBT,cj,129153.0
2028-04-01,MBT,cj,143326.0
2028-05-01,MBT,cj,129011.0
2028-06-01,MBT,cj,139584.0
2028-07-01,MBT,cj,147629.0
2028-08-01,MBT,cj,145488.0
2028-09-01,MBT,cj,135907.0
2028-10-01,MBT,cj,136514.0
2028-11-01,MBT,cj,120454.0
2028-12-01,MBT,cj,120066.0
2029-01-01,MBT,cj,123256.0
2029-02-01,MBT,cj,129941.0
2029-03-01,MBT,cj,136677.0
2029-04-01,MBT,cj,130210.0
2029-05-01,MBT,cj,131707.0
2029-06-01,MBT,cj,154154.0
2029-07-01,MBT,cj,152189.0
2029-08-01,MBT,cj,142708.0
2029-09-01,MBT,cj,151198.0
2029-10-01,MBT,cj,135393.0
2029-11-01,MBT,cj,137148.0
2029-12-01,MBT,cj,123412.0
2030-01-01,MBT,cj,137872.0
2030-02-01,MBT,cj,140074.0
2030-03-01,MBT,cj,132587.0
2030-04-01,MBT,cj,146075.0
2030-05-01,MBT,cj,148179.0
2030-06-01,MBT,cj,157114.0
2030-07-01,MBT,cj,146191.0
2030-08-01,MBT,cj,154423.0
2030-09-01,MBT,cj,150279.0
2030-10-01,MBT,cj,125384.0
2030-11-01,MBT,cj,123881.0
2030-12-01,MBT,cj,111700.0
2025-01-01,MBT,Hudson_Transit,184168.0
2025-02-01,MBT,Hudson_Transit,197183.0
2025-03-01,MBT,Hudson_Transit,210849.0
2025-04-01,MBT,Hudson_Transit,209492.0
2025-05-01,MBT,Hudson_Transit,226430.0
2025-06-01,MBT,Hudson_Transit,212357.0
2025-07-01,MBT,Hudson_Transit,216564.0
2025-08-01,MBT,Hudson_Transit,224083.0
2025-09-01,MBT,Hudson_Transit,217297.0
2025-10-01,MBT,Hudson_Transit,204656.0
2025-11-01,MBT,Hudson_Transit,183013.0
2025-12-01,MBT,Hudson_Transit,186599.0
2026-01-01,MBT,Hudson_Transit,180664.0
2026-02-01,MBT,Hudson_Transit,200506.0
2026-03-01,MBT,Hudson_Transit,206926.0
2026-04-01,MBT,Hudson_Transit,206549.0
2026-05-01,MBT,Hudson_Transit,215927.0
2026-06-01,MBT,Hudson_Transit,218719.0
2026-07-01,MBT,Hudson_Transit,232015.0
2026-08-01,MBT,Hudson_Transit,235173.0
2026-09-01,MBT,Hudson_Transit,212010.0
2026-10-01,MBT,Hudson_Transit,212144.0
2026-11-01,MBT,Hudson_Transit,197152.0
2026-12-01,MBT,Hudson_Transit,185309.0
2027-01-01,MBT,Hudson_Transit,192340.0
2027-02-01,MBT,Hudson_Transit,192560.0
2027-03-01,MBT,Hudson_Transit,204469.0
2027-04-01,MBT,Hudson_Transit,208746.0
2027-05-01,MBT,Hudson_Transit,236847.0
2027-06-01,MBT,Hudson_Transit,230341.0
2027-07-01,MBT,Hudson_Transit,231977.0
2027-08-01,MBT,Hudson_Transit,234352.0
2027-09-01,MBT,Hudson_Transit,221978.0
2027-10-01,MBT,Hudson_Transit,211052.0
2027-11-01,MBT,Hudson_Transit,208620.0
2027-12-01,MBT,Hudson_Transit,199348.0
2028-01-01,MBT,Hudson_Transit,192995.0
2028-02-01,MBT,Hudson_Transit,199332.0
2028-03-01,MBT,Hudson_Transit,210163.0
2028-04-01,MBT,Hudson_Transit,205191.0
2028-05-01,MBT,Hudson_Transit,217250.0
2028-06-01,MBT,Hudson_Transit,243576.0
2028-07-01,MBT,Hudson_Transit,252215.0
2028-08-01,MBT,Hudson_Transit,235421.0
2028-09-01,MBT,Hudson_Transit,230690.0
2028-10-01,MBT,Hudson_Transit,218509.0
2028-11-01,MBT,Hudson_Transit,229066.0
2028-12-01,MBT,Hudson_Transit,205306.0
2029-01-01,MBT,Hudson_Transit,199266.0
2029-02-01,MBT,Hudson_Transit,200398.0
2029-03-01,MBT,Hudson_Transit,204909.0
2029-04-01,MBT,Hudson_Transit,226180.0
2029-05-01,MBT,Hudson_Transit,226476.0
2029-06-01,MBT,Hudson_Transit,228790.0
2029-07-01,MBT,Hudson_Transit,240926.0
2029-08-01,MBT,Hudson_Transit,233978.0
2029-09-01,MBT,Hudson_Transit,242270.0
2029-10-01,MBT,Hudson_Transit,226226.0
2029-11-01,MBT,Hudson_Transit,211761.0
2029-12-01,MBT,Hudson_Transit,211252.0
2030-01-01,MBT,Hudson_Transit,204196.0
2030-02-01,MBT,Hudson_Transit,204687.0
2030-03-01,MBT,Hudson_Transit,229991.0
2030-04-01,MBT,Hudson_Transit,232413.0
2030-05-01,MBT,Hudson_Transit,228632.0
2030-06-01,MBT,Hudson_Transit,241347.0
2030-07-01,MBT,Hudson_Transit,243663.0
2030-08-01,MBT,Hudson_Transit,236147.0
2030-09-01,MBT,Hudson_Transit,241123.0
2030-10-01,MBT,Hudson_Transit,237053.0
2030-11-01,MBT,Hudson_Transit,205991.0
2030-12-01,MBT,Hudson_Transit,208513.0
2025-01-01,MBT,Rockland,152765.0
2025-02-01,MBT,Rockland,159280.0
2025-03-01,MBT,Rockland,165603.0
2025-04-01,MBT,Rockland,170768.0
2025-05-01,MBT,Rockland,182659.0
2025-06-01,MBT,Rockland,181844.0
2025-07-01,MBT,Rockland,195111.0
2025-08-01,MBT,Rockland,189736.0
2025-09-01,MBT,Rockland,180140.0
2025-10-01,MBT,Rockland,167107.0
2025-11-01,MBT,Rockland,162863.0
2025-12-01,MBT,Rockland,163981.0
2026-01-01,MBT,Rockland,164168.0
2026-02-01,MBT,Rockland,159129.0
2026-03-01,MBT,Rockland,173983.0
2026-04-01,MBT,Rockland,185845.0
2026-05-01,MBT,Rockland,174174.0
2026-06-01,MBT,Rockland,195418.0
2026-07-01,MBT,Rockland,192406.0
2026-08-01,MBT,Rockland,197995.0
2026-09-01,MBT,Rockland,180094.0
2026-10-01,MBT,Rockland,164240.0
2026-11-01,MBT,Rockland,158768.0
2026-12-01,MBT,Rockland,162151.0
2027-01-01,MBT,Rockland,165681.0
2027-02-01,MBT,Rockland,162979.0
2027-03-01,MBT,Rockland,181281.0
2027-04-01,MBT,Rockland,172321.0
2027-05-01,MBT,Rockland,189269.0
2027-06-01,MBT,Rockland,186778.0
2027-07-01,MBT,Rockland,196403.0
2027-08-01,MBT,Rockland,198131.0
2027-09-01,MBT,Rockland,183082.0
2027-10-01,MBT,Rockland,177829.0
2027-11-01,MBT,Rockland,180833.0
2027-12-01,MBT,Rockland,160905.0
2028-01-01,MBT,Rockland,172997.0
2028-02-01,MBT,Rockland,164710.0
2028-03-01,MBT,Rockland,183978.0
2028-04-01,MBT,Rockland,197961.0
2028-05-01,MBT,Rockland,175902.0
2028-06-01,MBT,Rockland,193534.0
2028-07-01,MBT,Rockland,209049.0
2028-08-01,MBT,Rockland,200203.0
2028-09-01,MBT,Rockland,195503.0
2028-10-01,MBT,Rockland,179774.0
2028-11-01,MBT,Rockland,177668.0
2028-12-01,MBT,Rockland,167088.0
2029-01-01,MBT,Rockland,178581.0
2029-02-01,MBT,Rockland,177867.0
2029-03-01,MBT,Rockland,186083.0
2029-04-01,MBT,Rockland,188410.0
2029-05-01,MBT,Rockland,193701.0
2029-06-01,MBT,Rockland,199937.0
2029-07-01,MBT,Rockland,211672.0
2029-08-01,MBT,Rockland,202507.0
2029-09-01,MBT,Rockland,198603.0
2029-10-01,MBT,Rockland,202302.0
2029-11-01,MBT,Rockland,186604.0
2029-12-01,MBT,Rockland,169070.0
2030-01-01,MBT,Rockland,182045.0
2030-02-01,MBT,Rockland,176494.0
2030-03-01,MBT,Rockland,172684.0
2030-04-01,MBT,Rockland,187785.0
2030-05-01,MBT,Rockland,187592.0
2030-06-01,MBT,Rockland,204329.0
2030-07-01,MBT,Rockland,212923.0
2030-08-01,MBT,Rockland,221249.0
2030-09-01,MBT,Rockland,202544.0
2030-10-01,MBT,Rockland,189515.0
2030-11-01,MBT,Rockland,189673.0
2030-12-01,MBT,Rockland,158877.0
2025-01-01,MBT,NJ_Transit,216359.0
2025-02-01,MBT,NJ_Transit,227649.0
2025-03-01,MBT,NJ_Transit,220674.0
2025-04-01,MBT,NJ_Transit,249784.0
2025-05-01,MBT,NJ_Transit,251239.0
2025-06-01,MBT,NJ_Transit,253100.0
2025-07-01,MBT,NJ_Transit,268320.0
2025-08-01,MBT,NJ_Transit,276244.0
2025-09-01,MBT,NJ_Transit,249549.0
2025-10-01,MBT,NJ_Transit,238760.0
2025-11-01,MBT,NJ_Transit,224551.0
2025-12-01,MBT,NJ_Transit,210300.0
2026-01-01,MBT,NJ_Transit,225481.0
2026-02-01,MBT,NJ_Transit,220483.0
2026-03-01,MBT,NJ_Transit,237222.0
2026-04-01,MBT,NJ_Transit,243065.0
2026-05-01,MBT,NJ_Transit,257711.0
2026-06-01,MBT,NJ_Transit,264227.0
2026-07-01,MBT,NJ_Transit,277052.0
2026-08-01,MBT,NJ_Transit,261302.0
2026-09-01,MBT,NJ_Transit,251588.0
2026-10-01,MBT,NJ_Transit,234808.0
2026-11-01,MBT,NJ_Transit,229587.0
2026-12-01,MBT,NJ_Transit,224052.0
2027-01-01,MBT,NJ_Transit,229660.0
2027-02-01,MBT,NJ_Transit,224868.0
2027-03-01,MBT,NJ_Transit,248204.0
2027-04-01,MBT,NJ_Transit,261912.0
2027-05-01,MBT,NJ_Transit,262658.0
2027-06-01,MBT,NJ_Transit,281231.0
2027-07-01,MBT,NJ_Transit,269385.0
2027-08-01,MBT,NJ_Transit,261501.0
2027-09-01,MBT,NJ_Transit,245804.0
2027-10-01,MBT,NJ_Transit,258249.0
2027-11-01,MBT,NJ_Transit,242642.0
2027-12-01,MBT,NJ_Transit,225519.0
2028-01-01,MBT,NJ_Transit,230852.0
2028-02-01,MBT,NJ_Transit,228238.0
2028-03-01,MBT,NJ_Transit,264945.0
2028-04-01,MBT,NJ_Transit,258116.0
2028-05-01,MBT,NJ_Transit,265840.0
2028-06-01,MBT,NJ_Transit,278298.0
2028-07-01,MBT,NJ_Transit,284408.0
2028-08-01,MBT,NJ_Transit,278004.0
2028-09-01,MBT,NJ_Transit,258498.0
2028-10-01,MBT,NJ_Transit,255795.0
2028-11-01,MBT,NJ_Transit,256651.0
2028-12-01,MBT,NJ_Transit,240558.0
2029-01-01,MBT,NJ_Transit,245291.0
2029-02-01,MBT,NJ_Transit,237657.0
2029-03-01,MBT,NJ_Transit,244600.0
2029-04-01,MBT,NJ_Transit,261509.0
2029-05-01,MBT,NJ_Transit,270875.0
2029-06-01,MBT,NJ_Transit,286609.0
2029-07-01,MBT,NJ_Transit,274061.0
2029-08-01,MBT,NJ_Transit,293301.0
2029-09-01,MBT,NJ_Transit,268560.0
2029-10-01,MBT,NJ_Transit,254275.0
2029-11-01,MBT,NJ_Transit,240159.0
2029-12-01,MBT,NJ_Transit,223026.0
2030-01-01,MBT,NJ_Transit,244315.0
2030-02-01,MBT,NJ_Transit,246856.0
2030-03-01,MBT,NJ_Transit,247454.0
2030-04-01,MBT,NJ_Transit,258136.0
2030-05-01,MBT,NJ_Transit,273411.0
2030-06-01,MBT,NJ_Transit,296447.0
2030-07-01,MBT,NJ_Transit,290401.0
2030-08-01,MBT,NJ_Transit,276495.0
2030-09-01,MBT,NJ_Transit,273292.0
2030-10-01,MBT,NJ_Transit,260543.0
2030-11-01,MBT,NJ_Transit,232616.0
2030-12-01,MBT,NJ_Transit,239541.0
2025-01-01,MBT,Spanish,126991.0
2025-02-01,MBT,Spanish,138544.0
2025-03-01,MBT,Spanish,153241.0
2025-04-01,MBT,Spanish,153521.0
2025-05-01,MBT,Spanish,147244.0
2025-06-01,MBT,Spanish,145279.0
2025-07-01,MBT,Spanish,178115.0
2025-08-01,MBT,Spanish,156255.0
2025-09-01,MBT,Spanish,149176.0
2025-10-01,MBT,Spanish,142125.0
2025-11-01,MBT,Spanish,138463.0
2025-12-01,MBT,Spanish,129017.0
2026-01-01,MBT,Spanish,127378.0
2026-02-01,MBT,Spanish,132096.0
2026-03-01,MBT,Spanish,142005.0
2026-04-01,MBT,Spanish,144046.0
2026-05-01,MBT,Spanish,147307.0
2026-06-01,MBT,Spanish,158198.0
2026-07-01,MBT,Spanish,160013.0
2026-08-01,MBT,Spanish,170992.0
2026-09-01,MBT,Spanish,132105.0
2026-10-01,MBT,Spanish,154002.0
2026-11-01,MBT,Spanish,149689.0
2026-12-01,MBT,Spanish,117157.0
2027-01-01,MBT,Spanish,132183.0
2027-02-01,MBT,Spanish,136571.0
2027-03-01,MBT,Spanish,134674.0
2027-04-01,MBT,Spanish,145625.0
2027-05-01,MBT,Spanish,147726.0
2027-06-01,MBT,Spanish,174450.0
2027-07-01,MBT,Spanish,172858.0
2027-08-01,MBT,Spanish,172814.0
2027-09-01,MBT,Spanish,161524.0
2027-10-01,MBT,Spanish,140190.0
2027-11-01,MBT,Spanish,139212.0
2027-12-01,MBT,Spanish,139884.0
2028-01-01,MBT,Spanish,128437.0
2028-02-01,MBT,Spanish,148045.0
2028-03-01,MBT,Spanish,146915.0
2028-04-01,MBT,Spanish,152112.0
2028-05-01,MBT,Spanish,165234.0
2028-06-01,MBT,Spanish,167958.0
2028-07-01,MBT,Spanish,166551.0
2028-08-01,MBT,Spanish,175561.0
2028-09-01,MBT,Spanish,151092.0
2028-10-01,MBT,Spanish,156913.0
2028-11-01,MBT,Spanish,150973.0
2028-12-01,MBT,Spanish,136726.0
2029-01-01,MBT,Spanish,143385.0
2029-02-01,MBT,Spanish,136045.0
2029-03-01,MBT,Spanish,159134.0
2029-04-01,MBT,Spanish,156958.0
2029-05-01,MBT,Spanish,159216.0
2029-06-01,MBT,Spanish,176193.0
2029-07-01,MBT,Spanish,167584.0
2029-08-01,MBT,Spanish,159401.0
2029-09-01,MBT,Spanish,150879.0
2029-10-01,MBT,Spanish,160123.0
2029-11-01,MBT,Spanish,139704.0
2029-12-01,MBT,Spanish,155615.0
2030-01-01,MBT,Spanish,127869.0
2030-02-01,MBT,Spanish,161865.0
2030-03-01,MBT,Spanish,156898.0
2030-04-01,MBT,Spanish,161021.0
2030-05-01,MBT,Spanish,162527.0
2030-06-01,MBT,Spanish,174769.0
2030-07-01,MBT,Spanish,176394.0
2030-08-01,MBT,Spanish,182353.0
2030-09-01,MBT,Spanish,167194.0
2030-10-01,MBT,Spanish,159900.0
2030-11-01,MBT,Spanish,149919.0
2030-12-01,MBT,Spanish,144658.0
2025-01-01,MBT,Greyhound_LD,138385.0
2025-02-01,MBT,Greyhound_LD,126919.0
2025-03-01,MBT,Greyhound_LD,135977.0
2025-04-01,MBT,Greyhound_LD,158896.0
2025-05-01,MBT,Greyhound_LD,159055.0
2025-06-01,MBT,Greyhound_LD,160972.0
2025-07-01,MBT,Greyhound_LD,167366.0
2025-08-01,MBT,Greyhound_LD,167377.0
2025-09-01,MBT,Greyhound_LD,153187.0
2025-10-01,MBT,Greyhound_LD,144157.0
2025-11-01,MBT,Greyhound_LD,146290.0
2025-12-01,MBT,Greyhound_LD,129716.0
2026-01-01,MBT,Greyhound_LD,142587.0
2026-02-01,MBT,Greyhound_LD,130487.0
2026-03-01,MBT,Greyhound_LD,158650.0
2026-04-01,MBT,Greyhound_LD,160531.0
2026-05-01,MBT,Greyhound_LD,163646.0
2026-06-01,MBT,Greyhound_LD,174325.0
2026-07-01,MBT,Greyhound_LD,184671.0
2026-08-01,MBT,Greyhound_LD,176767.0
2026-09-01,MBT,Greyhound_LD,146651.0
2026-10-01,MBT,Greyhound_LD,143837.0
2026-11-01,MBT,Greyhound_LD,143268.0
2026-12-01,MBT,Greyhound_LD,141113.0
2027-01-01,MBT,Greyhound_LD,146861.0
2027-02-01,MBT,Greyhound_LD,141809.0
2027-03-01,MBT,Greyhound_LD,155565.0
2027-04-01,MBT,Greyhound_LD,154507.0
2027-05-01,MBT,Greyhound_LD,160615.0
2027-06-01,MBT,Greyhound_LD,159229.0
2027-07-01,MBT,Greyhound_LD,168090.0
2027-08-01,MBT,Greyhound_LD,161895.0
2027-09-01,MBT,Greyhound_LD,157444.0
2027-10-01,MBT,Greyhound_LD,166193.0
2027-11-01,MBT,Greyhound_LD,144216.0
2027-12-01,MBT,Greyhound_LD,165325.0
2028-01-01,MBT,Greyhound_LD,150064.0
2028-02-01,MBT,Greyhound_LD,152602.0
2028-03-01,MBT,Greyhound_LD,150857.0
2028-04-01,MBT,Greyhound_LD,169952.0
2028-05-01,MBT,Greyhound_LD,164812.0
2028-06-01,MBT,Greyhound_LD,175478.0
2028-07-01,MBT,Greyhound_LD,200085.0
2028-08-01,MBT,Greyhound_LD,175995.0
2028-09-01,MBT,Greyhound_LD,178319.0
2028-10-01,MBT,Greyhound_LD,155829.0
2028-11-01,MBT,Greyhound_LD,155076.0
2028-12-01,MBT,Greyhound_LD,161794.0
2029-01-01,MBT,Greyhound_LD,144500.0
2029-02-01,MBT,Greyhound_LD,169130.0
2029-03-01,MBT,Greyhound_LD,167040.0
2029-04-01,MBT,Greyhound_LD,163650.0
2029-05-01,MBT,Greyhound_LD,178386.0
2029-06-01,MBT,Greyhound_LD,186301.0
2029-07-01,MBT,Greyhound_LD,188708.0
2029-08-01,MBT,Greyhound_LD,168258.0
2029-09-01,MBT,Greyhound_LD,167180.0
2029-10-01,MBT,Greyhound_LD,163165.0
2029-11-01,MBT,Greyhound_LD,158304.0
2029-12-01,MBT,Greyhound_LD,155954.0
2030-01-01,MBT,Greyhound_LD,154335.0
2030-02-01,MBT,Greyhound_LD,147456.0
2030-03-01,MBT,Greyhound_LD,168074.0
2030-04-01,MBT,Greyhound_LD,176835.0
2030-05-01,MBT,Greyhound_LD,181714.0
2030-06-01,MBT,Greyhound_LD,191186.0
2030-07-01,MBT,Greyhound_LD,194534.0
2030-08-01,MBT,Greyhound_LD,188549.0
2030-09-01,MBT,Greyhound_LD,176309.0
2030-10-01,MBT,Greyhound_LD,155547.0
2030-11-01,MBT,Greyhound_LD,165881.0
2030-12-01,MBT,Greyhound_LD,156012.0
2025-01-01,MBT,OurBus_LD,152485.0
2025-02-01,MBT,OurBus_LD,144822.0
2025-03-01,MBT,OurBus_LD,153279.0
2025-04-01,MBT,OurBus_LD,177854.0
2025-05-01,MBT,OurBus_LD,174045.0
2025-06-01,MBT,OurBus_LD,185311.0
2025-07-01,MBT,OurBus_LD,185192.0
2025-08-01,MBT,OurBus_LD,182326.0
2025-09-01,MBT,OurBus_LD,182044.0
2025-10-01,MBT,OurBus_LD,162113.0
2025-11-01,MBT,OurBus_LD,160950.0
2025-12-01,MBT,OurBus_LD,148389.0
2026-01-01,MBT,OurBus_LD,150606.0
2026-02-01,MBT,OurBus_LD,156963.0
2026-03-01,MBT,OurBus_LD,168376.0
2026-04-01,MBT,OurBus_LD,169591.0
2026-05-01,MBT,OurBus_LD,189376.0
2026-06-01,MBT,OurBus_LD,176938.0
2026-07-01,MBT,OurBus_LD,188243.0
2026-08-01,MBT,OurBus_LD,183181.0
2026-09-01,MBT,OurBus_LD,190803.0
2026-10-01,MBT,OurBus_LD,172352.0
2026-11-01,MBT,OurBus_LD,172869.0
2026-12-01,MBT,OurBus_LD,143834.0
2027-01-01,MBT,OurBus_LD,160410.0
2027-02-01,MBT,OurBus_LD,171022.0
2027-03-01,MBT,OurBus_LD,171496.0
2027-04-01,MBT,OurBus_LD,186860.0
2027-05-01,MBT,OurBus_LD,179240.0
2027-06-01,MBT,OurBus_LD,200770.0
2027-07-01,MBT,OurBus_LD,213712.0
2027-08-01,MBT,OurBus_LD,188571.0
2027-09-01,MBT,OurBus_LD,179633.0
2027-10-01,MBT,OurBus_LD,187107.0
2027-11-01,MBT,OurBus_LD,181568.0
2027-12-01,MBT,OurBus_LD,155762.0
2028-01-01,MBT,OurBus_LD,158687.0
2028-02-01,MBT,OurBus_LD,165409.0
2028-03-01,MBT,OurBus_LD,163935.0
2028-04-01,MBT,OurBus_LD,174844.0
2028-05-01,MBT,OurBus_LD,179780.0
2028-06-01,MBT,OurBus_LD,187408.0
2028-07-01,MBT,OurBus_LD,199181.0
2028-08-01,MBT,OurBus_LD,198278.0
2028-09-01,MBT,OurBus_LD,200738.0
2028-10-01,MBT,OurBus_LD,171081.0
2028-11-01,MBT,OurBus_LD,180780.0
2028-12-01,MBT,OurBus_LD,162264.0
2029-01-01,MBT,OurBus_LD,165745.0
2029-02-01,MBT,OurBus_LD,177459.0
2029-03-01,MBT,OurBus_LD,170056.0
2029-04-01,MBT,OurBus_LD,190095.0
2029-05-01,MBT,OurBus_LD,194076.0
2029-06-01,MBT,OurBus_LD,202577.0
2029-07-01,MBT,OurBus_LD,206706.0
2029-08-01,MBT,OurBus_LD,221465.0
2029-09-01,MBT,OurBus_LD,187113.0
2029-10-01,MBT,OurBus_LD,179284.0
2029-11-01,MBT,OurBus_LD,171590.0
2029-12-01,MBT,OurBus_LD,163368.0
2030-01-01,MBT,OurBus_LD,164846.0
2030-02-01,MBT,OurBus_LD,185836.0
2030-03-01,MBT,OurBus_LD,195446.0
2030-04-01,MBT,OurBus_LD,186636.0
2030-05-01,MBT,OurBus_LD,190367.0
2030-06-01,MBT,OurBus_LD,207111.0
2030-07-01,MBT,OurBus_LD,204560.0
2030-08-01,MBT,OurBus_LD,211091.0
2030-09-01,MBT,OurBus_LD,198628.0
2030-10-01,MBT,OurBus_LD,175434.0
2030-11-01,MBT,OurBus_LD,193759.0
2030-12-01,MBT,OurBus_LD,186823.0
2025-01-01,MBT,Saddle_River,116345.0
2025-02-01,MBT,Saddle_River,122497.0
2025-03-01,MBT,Saddle_River,133838.0
2025-04-01,MBT,Saddle_River,139828.0
2025-05-01,MBT,Saddle_River,146893.0
2025-06-01,MBT,Saddle_River,162812.0
2025-07-01,MBT,Saddle_River,148316.0
2025-08-01,MBT,Saddle_River,140659.0
2025-09-01,MBT,Saddle_River,129341.0
2025-10-01,MBT,Saddle_River,128565.0
2025-11-01,MBT,Saddle_River,129521.0
2025-12-01,MBT,Saddle_River,138829.0
2026-01-01,MBT,Saddle_River,120569.0
2026-02-01,MBT,Saddle_River,131271.0
2026-03-01,MBT,Saddle_River,134900.0
2026-04-01,MBT,Saddle_River,150980.0
2026-05-01,MBT,Saddle_River,166878.0
2026-06-01,MBT,Saddle_River,144987.0
2026-07-01,MBT,Saddle_River,149766.0
2026-08-01,MBT,Saddle_River,160569.0
2026-09-01,MBT,Saddle_River,150948.0
2026-10-01,MBT,Saddle_River,154430.0
2026-11-01,MBT,Saddle_River,138379.0
2026-12-01,MBT,Saddle_River,123674.0
2027-01-01,MBT,Saddle_River,133505.0
2027-02-01,MBT,Saddle_River,142396.0
2027-03-01,MBT,Saddle_River,145759.0
2027-04-01,MBT,Saddle_River,148931.0
2027-05-01,MBT,Saddle_River,158238.0
2027-06-01,MBT,Saddle_River,163636.0
2027-07-01,MBT,Saddle_River,170000.0
2027-08-01,MBT,Saddle_River,161232.0
2027-09-01,MBT,Saddle_River,147528.0
2027-10-01,MBT,Saddle_River,143509.0
2027-11-01,MBT,Saddle_River,147285.0
2027-12-01,MBT,Saddle_River,123107.0
2028-01-01,MBT,Saddle_River,135002.0
2028-02-01,MBT,Saddle_River,132994.0
2028-03-01,MBT,Saddle_River,142611.0
2028-04-01,MBT,Saddle_River,159371.0
2028-05-01,MBT,Saddle_River,154626.0
2028-06-01,MBT,Saddle_River,158007.0
2028-07-01,MBT,Saddle_River,150556.0
2028-08-01,MBT,Saddle_River,166135.0
2028-09-01,MBT,Saddle_River,158398.0
2028-10-01,MBT,Saddle_River,164549.0
2028-11-01,MBT,Saddle_River,137814.0
2028-12-01,MBT,Saddle_River,135386.0
2029-01-01,MBT,Saddle_River,137381.0
2029-02-01,MBT,Saddle_River,153458.0
2029-03-01,MBT,Saddle_River,145206.0
2029-04-01,MBT,Saddle_River,154584.0
2029-05-01,MBT,Saddle_River,162128.0
2029-06-01,MBT,Saddle_River,163240.0
2029-07-01,MBT,Saddle_River,162549.0
2029-08-01,MBT,Saddle_River,165451.0
2029-09-01,MBT,Saddle_River,165961.0
2029-10-01,MBT,Saddle_River,140815.0
2029-11-01,MBT,Saddle_River,145156.0
2029-12-01,MBT,Saddle_River,130849.0
2030-01-01,MBT,Saddle_River,148919.0
2030-02-01,MBT,Saddle_River,130307.0
2030-03-01,MBT,Saddle_River,144880.0
2030-04-01,MBT,Saddle_River,159236.0
2030-05-01,MBT,Saddle_River,174282.0
2030-06-01,MBT,Saddle_River,165097.0
2030-07-01,MBT,Saddle_River,165751.0
2030-08-01,MBT,Saddle_River,184024.0
2030-09-01,MBT,Saddle_River,148156.0
2030-10-01,MBT,Saddle_River,134432.0
2030-11-01,MBT,Saddle_River,151348.0
2030-12-01,MBT,Saddle_River,135921.0
2025-01-01,MBT,Saddle_River_LD,133988.0
2025-02-01,MBT,Saddle_River_LD,154360.0
2025-03-01,MBT,Saddle_River_LD,156772.0
2025-04-01,MBT,Saddle_River_LD,156160.0
2025-05-01,MBT,Saddle_River_LD,154839.0
2025-06-01,MBT,Saddle_River_LD,179076.0
2025-07-01,MBT,Saddle_River_LD,182197.0
2025-08-01,MBT,Saddle_River_LD,172825.0
2025-09-01,MBT,Saddle_River_LD,182719.0
2025-10-01,MBT,Saddle_River_LD,149299.0
2025-11-01,MBT,Saddle_River_LD,139322.0
2025-12-01,MBT,Saddle_River_LD,139208.0
2026-01-01,MBT,Saddle_River_LD,146892.0
2026-02-01,MBT,Saddle_River_LD,154578.0
2026-03-01,MBT,Saddle_River_LD,156994.0
2026-04-01,MBT,Saddle_River_LD,169033.0
2026-05-01,MBT,Saddle_River_LD,159952.0
2026-06-01,MBT,Saddle_River_LD,189153.0
2026-07-01,MBT,Saddle_River_LD,180808.0
2026-08-01,MBT,Saddle_River_LD,188690.0
2026-09-01,MBT,Saddle_River_LD,174145.0
2026-10-01,MBT,Saddle_River_LD,167471.0
2026-11-01,MBT,Saddle_River_LD,162373.0
2026-12-01,MBT,Saddle_River_LD,153526.0
2027-01-01,MBT,Saddle_River_LD,157239.0
2027-02-01,MBT,Saddle_River_LD,168599.0
2027-03-01,MBT,Saddle_River_LD,165429.0
2027-04-01,MBT,Saddle_River_LD,176930.0
2027-05-01,MBT,Saddle_River_LD,175148.0
2027-06-01,MBT,Saddle_River_LD,194113.0
2027-07-01,MBT,Saddle_River_LD,180647.0
2027-08-01,MBT,Saddle_River_LD,199812.0
2027-09-01,MBT,Saddle_River_LD,175548.0
2027-10-01,MBT,Saddle_River_LD,155256.0
2027-11-01,MBT,Saddle_River_LD,162844.0
2027-12-01,MBT,Saddle_River_LD,147655.0
2028-01-01,MBT,Saddle_River_LD,163221.0
2028-02-01,MBT,Saddle_River_LD,155318.0
2028-03-01,MBT,Saddle_River_LD,164247.0
2028-04-01,MBT,Saddle_River_LD,158523.0
2028-05-01,MBT,Saddle_River_LD,176777.0
2028-06-01,MBT,Saddle_River_LD,164715.0
2028-07-01,MBT,Saddle_River_LD,177699.0
2028-08-01,MBT,Saddle_River_LD,195589.0
2028-09-01,MBT,Saddle_River_LD,187710.0
2028-10-01,MBT,Saddle_River_LD,176361.0
2028-11-01,MBT,Saddle_River_LD,157500.0
2028-12-01,MBT,Saddle_River_LD,157467.0
2029-01-01,MBT,Saddle_River_LD,159928.0
2029-02-01,MBT,Saddle_River_LD,155174.0
2029-03-01,MBT,Saddle_River_LD,186137.0
2029-04-01,MBT,Saddle_River_LD,187869.0
2029-05-01,MBT,Saddle_River_LD,183692.0
2029-06-01,MBT,Saddle_River_LD,191519.0
2029-07-01,MBT,Saddle_River_LD,198779.0
2029-08-01,MBT,Saddle_River_LD,175687.0
2029-09-01,MBT,Saddle_River_LD,183327.0
2029-10-01,MBT,Saddle_River_LD,171088.0
2029-11-01,MBT,Saddle_River_LD,161594.0
2029-12-01,MBT,Saddle_River_LD,159566.0
2030-01-01,MBT,Saddle_River_LD,180180.0
2030-02-01,MBT,Saddle_River_LD,175544.0
2030-03-01,MBT,Saddle_River_LD,172211.0
2030-04-01,MBT,Saddle_River_LD,189876.0
2030-05-01,MBT,Saddle_River_LD,202969.0
2030-06-01,MBT,Saddle_River_LD,204502.0
2030-07-01,MBT,Saddle_River_LD,202583.0
2030-08-01,MBT,Saddle_River_LD,193139.0
2030-09-01,MBT,Saddle_River_LD,196552.0
2030-10-01,MBT,Saddle_River_LD,185244.0
2030-11-01,MBT,Saddle_River_LD,182878.0
2030-12-01,MBT,Saddle_River_LD,171896.0
2025-01-01,MBT,Vanessa,181348.0
2025-02-01,MBT,Vanessa,172764.0
2025-03-01,MBT,Vanessa,197689.0
2025-04-01,MBT,Vanessa,195306.0
2025-05-01,MBT,Vanessa,218672.0
2025-06-01,MBT,Vanessa,199359.0
2025-07-01,MBT,Vanessa,227820.0
2025-08-01,MBT,Vanessa,210450.0
2025-09-01,MBT,Vanessa,193744.0
2025-10-01,MBT,Vanessa,186345.0
2025-11-01,MBT,Vanessa,180756.0
2025-12-01,MBT,Vanessa,178575.0
2026-01-01,MBT,Vanessa,181825.0
2026-02-01,MBT,Vanessa,177905.0
2026-03-01,MBT,Vanessa,191068.0
2026-04-01,MBT,Vanessa,219149.0
2026-05-01,MBT,Vanessa,221597.0
2026-06-01,MBT,Vanessa,216010.0
2026-07-01,MBT,Vanessa,218666.0
2026-08-01,MBT,Vanessa,216086.0
2026-09-01,MBT,Vanessa,211447.0
2026-10-01,MBT,Vanessa,187167.0
2026-11-01,MBT,Vanessa,186887.0
2026-12-01,MBT,Vanessa,164587.0
2027-01-01,MBT,Vanessa,186010.0
2027-02-01,MBT,Vanessa,194631.0
2027-03-01,MBT,Vanessa,192570.0
2027-04-01,MBT,Vanessa,219873.0
2027-05-01,MBT,Vanessa,200550.0
2027-06-01,MBT,Vanessa,204819.0
2027-07-01,MBT,Vanessa,226848.0
2027-08-01,MBT,Vanessa,230967.0
2027-09-01,MBT,Vanessa,227362.0
2027-10-01,MBT,Vanessa,198136.0
2027-11-01,MBT,Vanessa,204730.0
2027-12-01,MBT,Vanessa,184849.0
2028-01-01,MBT,Vanessa,186072.0
2028-02-01,MBT,Vanessa,202301.0
2028-03-01,MBT,Vanessa,208740.0
2028-04-01,MBT,Vanessa,196841.0
2028-05-01,MBT,Vanessa,231535.0
2028-06-01,MBT,Vanessa,237283.0
2028-07-01,MBT,Vanessa,225495.0
2028-08-01,MBT,Vanessa,231328.0
2028-09-01,MBT,Vanessa,222481.0
2028-10-01,MBT,Vanessa,210536.0
2028-11-01,MBT,Vanessa,195294.0
2028-12-01,MBT,Vanessa,184289.0
2029-01-01,MBT,Vanessa,192747.0
2029-02-01,MBT,Vanessa,210454.0
2029-03-01,MBT,Vanessa,213463.0
2029-04-01,MBT,Vanessa,213886.0
2029-05-01,MBT,Vanessa,231174.0
2029-06-01,MBT,Vanessa,204675.0
2029-07-01,MBT,Vanessa,248286.0
2029-08-01,MBT,Vanessa,218034.0
2029-09-01,MBT,Vanessa,220668.0
2029-10-01,MBT,Vanessa,203617.0
2029-11-01,MBT,Vanessa,193998.0
2029-12-01,MBT,Vanessa,206413.0
2030-01-01,MBT,Vanessa,194002.0
2030-02-01,MBT,Vanessa,208347.0
2030-03-01,MBT,Vanessa,213753.0
2030-04-01,MBT,Vanessa,227637.0
2030-05-01,MBT,Vanessa,230905.0
2030-06-01,MBT,Vanessa,225373.0
2030-07-01,MBT,Vanessa,253350.0
2030-08-01,MBT,Vanessa,235849.0
2030-09-01,MBT,Vanessa,215748.0
2030-10-01,MBT,Vanessa,215760.0
2030-11-01,MBT,Vanessa,225267.0
2030-12-01,MBT,Vanessa,208821.0
2025-01-01,GWBBS,academy,7822.0
2025-02-01,GWBBS,academy,7435.0
2025-03-01,GWBBS,academy,7813.0
2025-04-01,GWBBS,academy,7853.0
2025-05-01,GWBBS,academy,8072.0
2025-06-01,GWBBS,academy,8205.0
2025-07-01,GWBBS,academy,9050.0
2025-08-01,GWBBS,academy,8816.0
2025-09-01,GWBBS,academy,7849.0
2025-10-01,GWBBS,academy,8011.0
2025-11-01,GWBBS,academy,7836.0
2025-12-01,GWBBS,academy,7806.0
2026-01-01,GWBBS,academy,7771.0
2026-02-01,GWBBS,academy,7758.0
2026-03-01,GWBBS,academy,7827.0
2026-04-01,GWBBS,academy,8471.0
2026-05-01,GWBBS,academy,8897.0
2026-06-01,GWBBS,academy,9023.0
2026-07-01,GWBBS,academy,9001.0
2026-08-01,GWBBS,academy,8952.0
2026-09-01,GWBBS,academy,8002.0
2026-10-01,GWBBS,academy,8177.0
2026-11-01,GWBBS,academy,8111.0
2026-12-01,GWBBS,academy,7278.0
2027-01-01,GWBBS,academy,7579.0
2027-02-01,GWBBS,academy,8150.0
2027-03-01,GWBBS,academy,8034.0
2027-04-01,GWBBS,academy,8769.0
2027-05-01,GWBBS,academy,8634.0
2027-06-01,GWBBS,academy,9086.0
2027-07-01,GWBBS,academy,8906.0
2027-08-01,GWBBS,academy,9023.0
2027-09-01,GWBBS,academy,8975.0
2027-10-01,GWBBS,academy,7673.0
2027-11-01,GWBBS,academy,8182.0
2027-12-01,GWBBS,academy,6728.0
2028-01-01,GWBBS,academy,7563.0
2028-02-01,GWBBS,academy,8039.0
2028-03-01,GWBBS,academy,7922.0
2028-04-01,GWBBS,academy,8433.0
2028-05-01,GWBBS,academy,8974.0
2028-06-01,GWBBS,academy,8931.0
2028-07-01,GWBBS,academy,8502.0
2028-08-01,GWBBS,academy,9177.0
2028-09-01,GWBBS,academy,8845.0
2028-10-01,GWBBS,academy,8170.0
2028-11-01,GWBBS,academy,7807.0
2028-12-01,GWBBS,academy,7426.0
2029-01-01,GWBBS,academy,7173.0
2029-02-01,GWBBS,academy,7793.0
2029-03-01,GWBBS,academy,8671.0
2029-04-01,GWBBS,academy,8729.0
2029-05-01,GWBBS,academy,8870.0
2029-06-01,GWBBS,academy,8782.0
2029-07-01,GWBBS,academy,9064.0
2029-08-01,GWBBS,academy,9186.0
2029-09-01,GWBBS,academy,8635.0
2029-10-01,GWBBS,academy,8209.0
2029-11-01,GWBBS,academy,7713.0
2029-12-01,GWBBS,academy,7619.0
2030-01-01,GWBBS,academy,7507.0
2030-02-01,GWBBS,academy,7901.0
2030-03-01,GWBBS,academy,8481.0
2030-04-01,GWBBS,academy,7911.0
2030-05-01,GWBBS,academy,8855.0
2030-06-01,GWBBS,academy,8660.0
2030-07-01,GWBBS,academy,8461.0
2030-08-01,GWBBS,academy,8708.0
2030-09-01,GWBBS,academy,8321.0
2030-10-01,GWBBS,academy,8540.0
2030-11-01,GWBBS,academy,8231.0
2030-12-01,GWBBS,academy,8195.0
2025-01-01,GWBBS,greyhound,9218.0
2025-02-01,GWBBS,greyhound,9574.0
2025-03-01,GWBBS,greyhound,9987.0
2025-04-01,GWBBS,greyhound,11237.0
2025-05-01,GWBBS,greyhound,11066.0
2025-06-01,GWBBS,greyhound,11018.0
2025-07-01,GWBBS,greyhound,10845.0
2025-08-01,GWBBS,greyhound,12211.0
2025-09-01,GWBBS,greyhound,9728.0
2025-10-01,GWBBS,greyhound,9997.0
2025-11-01,GWBBS,greyhound,9639.0
2025-12-01,GWBBS,greyhound,9593.0
2026-01-01,GWBBS,greyhound,8823.0
2026-02-01,GWBBS,greyhound,10600.0
2026-03-01,GWBBS,greyhound,10098.0
2026-04-01,GWBBS,greyhound,9947.0
2026-05-01,GWBBS,greyhound,10414.0
2026-06-01,GWBBS,greyhound,11084.0
2026-07-01,GWBBS,greyhound,11108.0
2026-08-01,GWBBS,greyhound,11711.0
2026-09-01,GWBBS,greyhound,10196.0
2026-10-01,GWBBS,greyhound,10460.0
2026-11-01,GWBBS,greyhound,10912.0
2026-12-01,GWBBS,greyhound,9491.0
2027-01-01,GWBBS,greyhound,10187.0
2027-02-01,GWBBS,greyhound,10433.0
2027-03-01,GWBBS,greyhound,9242.0
2027-04-01,GWBBS,greyhound,11263.0
2027-05-01,GWBBS,greyhound,10832.0
2027-06-01,GWBBS,greyhound,11684.0
2027-07-01,GWBBS,greyhound,12146.0
2027-08-01,GWBBS,greyhound,11599.0
2027-09-01,GWBBS,greyhound,10948.0
2027-10-01,GWBBS,greyhound,9622.0
2027-11-01,GWBBS,greyhound,10369.0
2027-12-01,GWBBS,greyhound,9465.0
2028-01-01,GWBBS,greyhound,9993.0
2028-02-01,GWBBS,greyhound,10595.0
2028-03-01,GWBBS,greyhound,9754.0
2028-04-01,GWBBS,greyhound,11235.0
2028-05-01,GWBBS,greyhound,11774.0
2028-06-01,GWBBS,greyhound,11120.0
2028-07-01,GWBBS,greyhound,10686.0
2028-08-01,GWBBS,greyhound,12611.0
2028-09-01,GWBBS,greyhound,11309.0
2028-10-01,GWBBS,greyhound,10698.0
2028-11-01,GWBBS,greyhound,10023.0
2028-12-01,GWBBS,greyhound,9165.0
2029-01-01,GWBBS,greyhound,9466.0
2029-02-01,GWBBS,greyhound,10221.0
2029-03-01,GWBBS,greyhound,10508.0
2029-04-01,GWBBS,greyhound,10598.0
2029-05-01,GWBBS,greyhound,10621.0
2029-06-01,GWBBS,greyhound,11522.0
2029-07-01,GWBBS,greyhound,11129.0
2029-08-01,GWBBS,greyhound,10662.0
2029-09-01,GWBBS,greyhound,10255.0
2029-10-01,GWBBS,greyhound,9612.0
2029-11-01,GWBBS,greyhound,10429.0
2029-12-01,GWBBS,greyhound,9161.0
2030-01-01,GWBBS,greyhound,10325.0
2030-02-01,GWBBS,greyhound,10435.0
2030-03-01,GWBBS,greyhound,11508.0
2030-04-01,GWBBS,greyhound,11278.0
2030-05-01,GWBBS,greyhound,11630.0
2030-06-01,GWBBS,greyhound,11226.0
2030-07-01,GWBBS,greyhound,10877.0
2030-08-01,GWBBS,greyhound,12005.0
2030-09-01,GWBBS,greyhound,11775.0
2030-10-01,GWBBS,greyhound,10386.0
2030-11-01,GWBBS,greyhound,9908.0
2030-12-01,GWBBS,greyhound,9453.0
2025-01-01,GWBBS,coach_usa,5485.0
2025-02-01,GWBBS,coach_usa,7190.0
2025-03-01,GWBBS,coach_usa,6335.0
2025-04-01,GWBBS,coach_usa,7263.0
2025-05-01,GWBBS,coach_usa,7124.0
2025-06-01,GWBBS,coach_usa,6354.0
2025-07-01,GWBBS,coach_usa,8785.0
2025-08-01,GWBBS,coach_usa,6976.0
2025-09-01,GWBBS,coach_usa,6195.0
2025-10-01,GWBBS,coach_usa,7645.0
2025-11-01,GWBBS,coach_usa,6784.0
2025-12-01,GWBBS,coach_usa,5653.0
2026-01-01,GWBBS,coach_usa,5330.0
2026-02-01,GWBBS,coach_usa,5156.0
2026-03-01,GWBBS,coach_usa,5755.0
2026-04-01,GWBBS,coach_usa,7081.0
2026-05-01,GWBBS,coach_usa,6227.0
2026-06-01,GWBBS,coach_usa,7965.0
2026-07-01,GWBBS,coach_usa,7010.0
2026-08-01,GWBBS,coach_usa,7904.0
2026-09-01,GWBBS,coach_usa,6233.0
2026-10-01,GWBBS,coach_usa,6703.0
2026-11-01,GWBBS,coach_usa,6404.0
2026-12-01,GWBBS,coach_usa,5885.0
2027-01-01,GWBBS,coach_usa,6205.0
2027-02-01,GWBBS,coach_usa,6021.0
2027-03-01,GWBBS,coach_usa,6494.0
2027-04-01,GWBBS,coach_usa,8309.0
2027-05-01,GWBBS,coach_usa,7221.0
2027-06-01,GWBBS,coach_usa,8358.0
2027-07-01,GWBBS,coach_usa,8590.0
2027-08-01,GWBBS,coach_usa,7779.0
2027-09-01,GWBBS,coach_usa,7984.0
2027-10-01,GWBBS,coach_usa,7062.0
2027-11-01,GWBBS,coach_usa,6440.0
2027-12-01,GWBBS,coach_usa,5886.0
2028-01-01,GWBBS,coach_usa,5760.0
2028-02-01,GWBBS,coach_usa,5816.0
2028-03-01,GWBBS,coach_usa,8257.0
2028-04-01,GWBBS,coach_usa,6923.0
2028-05-01,GWBBS,coach_usa,7172.0
2028-06-01,GWBBS,coach_usa,8089.0
2028-07-01,GWBBS,coach_usa,5245.0
2028-08-01,GWBBS,coach_usa,7695.0
2028-09-01,GWBBS,coach_usa,7296.0
2028-10-01,GWBBS,coach_usa,6837.0
2028-11-01,GWBBS,coach_usa,6026.0
2028-12-01,GWBBS,coach_usa,5832.0
2029-01-01,GWBBS,coach_usa,7238.0
2029-02-01,GWBBS,coach_usa,7717.0
2029-03-01,GWBBS,coach_usa,7339.0
2029-04-01,GWBBS,coach_usa,7143.0
2029-05-01,GWBBS,coach_usa,7291.0
2029-06-01,GWBBS,coach_usa,7246.0
2029-07-01,GWBBS,coach_usa,6723.0
2029-08-01,GWBBS,coach_usa,7748.0
2029-09-01,GWBBS,coach_usa,6523.0
2029-10-01,GWBBS,coach_usa,5410.0
2029-11-01,GWBBS,coach_usa,6452.0
2029-12-01,GWBBS,coach_usa,5850.0
2030-01-01,GWBBS,coach_usa,6187.0
2030-02-01,GWBBS,coach_usa,6404.0
2030-03-01,GWBBS,coach_usa,5822.0
2030-04-01,GWBBS,coach_usa,6604.0
2030-05-01,GWBBS,coach_usa,6762.0
2030-06-01,GWBBS,coach_usa,6162.0
2030-07-01,GWBBS,coach_usa,7970.0
2030-08-01,GWBBS,coach_usa,8229.0
2030-09-01,GWBBS,coach_usa,7055.0
2030-10-01,GWBBS,coach_usa,6701.0
2030-11-01,GWBBS,coach_usa,6533.0
2030-12-01,GWBBS,coach_usa,6434.0
2025-01-01,GWBBS,transbridge,6833.0
2025-02-01,GWBBS,transbridge,8246.0
2025-03-01,GWBBS,transbridge,8080.0
2025-04-01,GWBBS,transbridge,7736.0
2025-05-01,GWBBS,transbridge,8902.0
2025-06-01,GWBBS,transbridge,8404.0
2025-07-01,GWBBS,transbridge,9233.0
2025-08-01,GWBBS,transbridge,10322.0
2025-09-01,GWBBS,transbridge,10860.0
2025-10-01,GWBBS,transbridge,8122.0
2025-11-01,GWBBS,transbridge,7002.0
2025-12-01,GWBBS,transbridge,9121.0
2026-01-01,GWBBS,transbridge,7063.0
2026-02-01,GWBBS,transbridge,8782.0
2026-03-01,GWBBS,transbridge,8777.0
2026-04-01,GWBBS,transbridge,9189.0
2026-05-01,GWBBS,transbridge,8953.0
2026-06-01,GWBBS,transbridge,8158.0
2026-07-01,GWBBS,transbridge,10549.0
2026-08-01,GWBBS,transbridge,9412.0
2026-09-01,GWBBS,transbridge,8193.0
2026-10-01,GWBBS,transbridge,8959.0
2026-11-01,GWBBS,transbridge,7647.0
2026-12-01,GWBBS,transbridge,10375.0
2027-01-01,GWBBS,transbridge,8864.0
2027-02-01,GWBBS,transbridge,7611.0
2027-03-01,GWBBS,transbridge,8684.0
2027-04-01,GWBBS,transbridge,8422.0
2027-05-01,GWBBS,transbridge,8432.0
2027-06-01,GWBBS,transbridge,8735.0
2027-07-01,GWBBS,transbridge,9625.0
2027-08-01,GWBBS,transbridge,10081.0
2027-09-01,GWBBS,transbridge,9307.0
2027-10-01,GWBBS,transbridge,8537.0
2027-11-01,GWBBS,transbridge,8930.0
2027-12-01,GWBBS,transbridge,9192.0
2028-01-01,GWBBS,transbridge,7862.0
2028-02-01,GWBBS,transbridge,10114.0
2028-03-01,GWBBS,transbridge,10518.0
2028-04-01,GWBBS,transbridge,8244.0
2028-05-01,GWBBS,transbridge,9654.0
2028-06-01,GWBBS,transbridge,9605.0
2028-07-01,GWBBS,transbridge,10647.0
2028-08-01,GWBBS,transbridge,11591.0
2028-09-01,GWBBS,transbridge,10484.0
2028-10-01,GWBBS,transbridge,8266.0
2028-11-01,GWBBS,transbridge,9316.0
2028-12-01,GWBBS,transbridge,8425.0
2029-01-01,GWBBS,transbridge,10531.0
2029-02-01,GWBBS,transbridge,8961.0
2029-03-01,GWBBS,transbridge,8768.0
2029-04-01,GWBBS,transbridge,9592.0
2029-05-01,GWBBS,transbridge,9661.0
2029-06-01,GWBBS,transbridge,8775.0
2029-07-01,GWBBS,transbridge,9671.0
2029-08-01,GWBBS,transbridge,9260.0
2029-09-01,GWBBS,transbridge,8543.0
2029-10-01,GWBBS,transbridge,7973.0
2029-11-01,GWBBS,transbridge,9022.0
2029-12-01,GWBBS,transbridge,8475.0
2030-01-01,GWBBS,transbridge,10081.0
2030-02-01,GWBBS,transbridge,7992.0
2030-03-01,GWBBS,transbridge,8621.0
2030-04-01,GWBBS,transbridge,9010.0
2030-05-01,GWBBS,transbridge,11536.0
2030-06-01,GWBBS,transbridge,9872.0
2030-07-01,GWBBS,transbridge,11834.0
2030-08-01,GWBBS,transbridge,7271.0
2030-09-01,GWBBS,transbridge,8809.0
2030-10-01,GWBBS,transbridge,11657.0
2030-11-01,GWBBS,transbridge,8341.0
2030-12-01,GWBBS,transbridge,9473.0
2025-01-01,GWBBS,peterpan,5653.0
2025-02-01,GWBBS,peterpan,5199.0
2025-03-01,GWBBS,peterpan,7823.0
2025-04-01,GWBBS,peterpan,7682.0
2025-05-01,GWBBS,peterpan,7823.0
2025-06-01,GWBBS,peterpan,10730.0
2025-07-01,GWBBS,peterpan,7158.0
2025-08-01,GWBBS,peterpan,7841.0
2025-09-01,GWBBS,peterpan,9213.0
2025-10-01,GWBBS,peterpan,9018.0
2025-11-01,GWBBS,peterpan,6181.0
2025-12-01,GWBBS,peterpan,7507.0
2026-01-01,GWBBS,peterpan,7159.0
2026-02-01,GWBBS,peterpan,5597.0
2026-03-01,GWBBS,peterpan,8485.0
2026-04-01,GWBBS,peterpan,7274.0
2026-05-01,GWBBS,peterpan,7400.0
2026-06-01,GWBBS,peterpan,7687.0
2026-07-01,GWBBS,peterpan,9162.0
2026-08-01,GWBBS,peterpan,5725.0
2026-09-01,GWBBS,peterpan,8001.0
2026-10-01,GWBBS,peterpan,6570.0
2026-11-01,GWBBS,peterpan,5336.0
2026-12-01,GWBBS,peterpan,5999.0
2027-01-01,GWBBS,peterpan,6703.0
2027-02-01,GWBBS,peterpan,7157.0
2027-03-01,GWBBS,peterpan,6010.0
2027-04-01,GWBBS,peterpan,7895.0
2027-05-01,GWBBS,peterpan,7528.0
2027-06-01,GWBBS,peterpan,6297.0
2027-07-01,GWBBS,peterpan,8249.0
2027-08-01,GWBBS,peterpan,8530.0
2027-09-01,GWBBS,peterpan,6448.0
2027-10-01,GWBBS,peterpan,9202.0
2027-11-01,GWBBS,peterpan,9391.0
2027-12-01,GWBBS,peterpan,3648.0
2028-01-01,GWBBS,peterpan,6915.0
2028-02-01,GWBBS,peterpan,5717.0
2028-03-01,GWBBS,peterpan,5611.0
2028-04-01,GWBBS,peterpan,8888.0
2028-05-01,GWBBS,peterpan,7658.0
2028-06-01,GWBBS,peterpan,7705.0
2028-07-01,GWBBS,peterpan,9100.0
2028-08-01,GWBBS,peterpan,7901.0
2028-09-01,GWBBS,peterpan,5992.0
2028-10-01,GWBBS,peterpan,6975.0
2028-11-01,GWBBS,peterpan,8921.0
2028-12-01,GWBBS,peterpan,6896.0
2029-01-01,GWBBS,peterpan,8038.0
2029-02-01,GWBBS,peterpan,7155.0
2029-03-01,GWBBS,peterpan,5501.0
2029-04-01,GWBBS,peterpan,6052.0
2029-05-01,GWBBS,peterpan,8885.0
2029-06-01,GWBBS,peterpan,8993.0
2029-07-01,GWBBS,peterpan,11001.0
2029-08-01,GWBBS,peterpan,9831.0
2029-09-01,GWBBS,peterpan,7972.0
2029-10-01,GWBBS,peterpan,9247.0
2029-11-01,GWBBS,peterpan,4486.0
2029-12-01,GWBBS,peterpan,6015.0
2030-01-01,GWBBS,peterpan,6463.0
2030-02-01,GWBBS,peterpan,4503.0
2030-03-01,GWBBS,peterpan,7823.0
2030-04-01,GWBBS,peterpan,6518.0
2030-05-01,GWBBS,peterpan,8107.0
2030-06-01,GWBBS,peterpan,9615.0
2030-07-01,GWBBS,peterpan,7454.0
2030-08-01,GWBBS,peterpan,7930.0
2030-09-01,GWBBS,peterpan,9104.0
2030-10-01,GWBBS,peterpan,6193.0
2030-11-01,GWBBS,peterpan,9190.0
2030-12-01,GWBBS,peterpan,7078.0
2025-01-01,GWBBS,cj,2790.0
2025-02-01,GWBBS,cj,5052.0
2025-03-01,GWBBS,cj,7580.0
2025-04-01,GWBBS,cj,4352.0
2025-05-01,GWBBS,cj,7442.0
2025-06-01,GWBBS,cj,5224.0
2025-07-01,GWBBS,cj,4914.0
2025-08-01,GWBBS,cj,6508.0
2025-09-01,GWBBS,cj,7816.0
2025-10-01,GWBBS,cj,4356.0
2025-11-01,GWBBS,cj,2945.0
2025-12-01,GWBBS,cj,6000.0
2026-01-01,GWBBS,cj,6557.0
2026-02-01,GWBBS,cj,6174.0
2026-03-01,GWBBS,cj,7018.0
2026-04-01,GWBBS,cj,5824.0
2026-05-01,GWBBS,cj,5180.0
2026-06-01,GWBBS,cj,5853.0
2026-07-01,GWBBS,cj,8984.0
2026-08-01,GWBBS,cj,6090.0
2026-09-01,GWBBS,cj,6481.0
2026-10-01,GWBBS,cj,6795.0
2026-11-01,GWBBS,cj,7255.0
2026-12-01,GWBBS,cj,4055.0
2027-01-01,GWBBS,cj,5025.0
2027-02-01,GWBBS,cj,4509.0
2027-03-01,GWBBS,cj,8390.0
2027-04-01,GWBBS,cj,5997.0
2027-05-01,GWBBS,cj,5583.0
2027-06-01,GWBBS,cj,8269.0
2027-07-01,GWBBS,cj,6259.0
2027-08-01,GWBBS,cj,7207.0
2027-09-01,GWBBS,cj,8852.0
2027-10-01,GWBBS,cj,7995.0
2027-11-01,GWBBS,cj,8473.0
2027-12-01,GWBBS,cj,4434.0
2028-01-01,GWBBS,cj,4856.0
2028-02-01,GWBBS,cj,6195.0
2028-03-01,GWBBS,cj,6738.0
2028-04-01,GWBBS,cj,4120.0
2028-05-01,GWBBS,cj,6279.0
2028-06-01,GWBBS,cj,9046.0
2028-07-01,GWBBS,cj,7038.0
2028-08-01,GWBBS,cj,5653.0
2028-09-01,GWBBS,cj,5832.0
2028-10-01,GWBBS,cj,4021.0
2028-11-01,GWBBS,cj,7677.0
2028-12-01,GWBBS,cj,6817.0
2029-01-01,GWBBS,cj,3066.0
2029-02-01,GWBBS,cj,7126.0
2029-03-01,GWBBS,cj,7501.0
2029-04-01,GWBBS,cj,8221.0
2029-05-01,GWBBS,cj,3920.0
2029-06-01,GWBBS,cj,8898.0
2029-07-01,GWBBS,cj,8879.0
2029-08-01,GWBBS,cj,6954.0
2029-09-01,GWBBS,cj,6102.0
2029-10-01,GWBBS,cj,4887.0
2029-11-01,GWBBS,cj,2961.0
2029-12-01,GWBBS,cj,7107.0
2030-01-01,GWBBS,cj,1516.0
2030-02-01,GWBBS,cj,5889.0
2030-03-01,GWBBS,cj,7369.0
2030-04-01,GWBBS,cj,6530.0
2030-05-01,GWBBS,cj,7878.0
2030-06-01,GWBBS,cj,6712.0
2030-07-01,GWBBS,cj,5776.0
2030-08-01,GWBBS,cj,5927.0
2030-09-01,GWBBS,cj,4805.0
2030-10-01,GWBBS,cj,5871.0
2030-11-01,GWBBS,cj,4665.0
2030-12-01,GWBBS,cj,7380.0
2025-01-01,GWBBS,Hudson_Transit,6551.0
2025-02-01,GWBBS,Hudson_Transit,8784.0
2025-03-01,GWBBS,Hudson_Transit,10053.0
2025-04-01,GWBBS,Hudson_Transit,10125.0
2025-05-01,GWBBS,Hudson_Transit,11794.0
2025-06-01,GWBBS,Hudson_Transit,7444.0
2025-07-01,GWBBS,Hudson_Transit,8439.0
2025-08-01,GWBBS,Hudson_Transit,8570.0
2025-09-01,GWBBS,Hudson_Transit,11596.0
2025-10-01,GWBBS,Hudson_Transit,9324.0
2025-11-01,GWBBS,Hudson_Transit,8452.0
2025-12-01,GWBBS,Hudson_Transit,10116.0
2026-01-01,GWBBS,Hudson_Transit,9573.0
2026-02-01,GWBBS,Hudson_Transit,6352.0
2026-03-01,GWBBS,Hudson_Transit,9431.0
2026-04-01,GWBBS,Hudson_Transit,10290.0
2026-05-01,GWBBS,Hudson_Transit,12969.0
2026-06-01,GWBBS,Hudson_Transit,11442.0
2026-07-01,GWBBS,Hudson_Transit,11359.0
2026-08-01,GWBBS,Hudson_Transit,11067.0
2026-09-01,GWBBS,Hudson_Transit,8226.0
2026-10-01,GWBBS,Hudson_Transit,6789.0
2026-11-01,GWBBS,Hudson_Transit,7455.0
2026-12-01,GWBBS,Hudson_Transit,11304.0
2027-01-01,GWBBS,Hudson_Transit,8949.0
2027-02-01,GWBBS,Hudson_Transit,9120.0
2027-03-01,GWBBS,Hudson_Transit,4800.0
2027-04-01,GWBBS,Hudson_Transit,9396.0
2027-05-01,GWBBS,Hudson_Transit,9530.0
2027-06-01,GWBBS,Hudson_Transit,8425.0
2027-07-01,GWBBS,Hudson_Transit,9409.0
2027-08-01,GWBBS,Hudson_Transit,12015.0
2027-09-01,GWBBS,Hudson_Transit,9772.0
2027-10-01,GWBBS,Hudson_Transit,7256.0
2027-11-01,GWBBS,Hudson_Transit,8590.0
2027-12-01,GWBBS,Hudson_Transit,8607.0
2028-01-01,GWBBS,Hudson_Transit,8131.0
2028-02-01,GWBBS,Hudson_Transit,9761.0
2028-03-01,GWBBS,Hudson_Transit,11919.0
2028-04-01,GWBBS,Hudson_Transit,11055.0
2028-05-01,GWBBS,Hudson_Transit,6905.0
2028-06-01,GWBBS,Hudson_Transit,8638.0
2028-07-01,GWBBS,Hudson_Transit,10348.0
2028-08-01,GWBBS,Hudson_Transit,11868.0
2028-09-01,GWBBS,Hudson_Transit,12377.0
2028-10-01,GWBBS,Hudson_Transit,10552.0
2028-11-01,GWBBS,Hudson_Transit,8886.0
2028-12-01,GWBBS,Hudson_Transit,10995.0
2029-01-01,GWBBS,Hudson_Transit,12622.0
2029-02-01,GWBBS,Hudson_Transit,7514.0
2029-03-01,GWBBS,Hudson_Transit,9261.0
2029-04-01,GWBBS,Hudson_Transit,10694.0
2029-05-01,GWBBS,Hudson_Transit,10840.0
2029-06-01,GWBBS,Hudson_Transit,11602.0
2029-07-01,GWBBS,Hudson_Transit,13257.0
2029-08-01,GWBBS,Hudson_Transit,11240.0
2029-09-01,GWBBS,Hudson_Transit,9105.0
2029-10-01,GWBBS,Hudson_Transit,12093.0
2029-11-01,GWBBS,Hudson_Transit,10272.0
2029-12-01,GWBBS,Hudson_Transit,10691.0
2030-01-01,GWBBS,Hudson_Transit,6060.0
2030-02-01,GWBBS,Hudson_Transit,8727.0
2030-03-01,GWBBS,Hudson_Transit,14664.0
2030-04-01,GWBBS,Hudson_Transit,8109.0
2030-05-01,GWBBS,Hudson_Transit,7707.0
2030-06-01,GWBBS,Hudson_Transit,11265.0
2030-07-01,GWBBS,Hudson_Transit,13373.0
2030-08-01,GWBBS,Hudson_Transit,9027.0
2030-09-01,GWBBS,Hudson_Transit,10414.0
2030-10-01,GWBBS,Hudson_Transit,10719.0
2030-11-01,GWBBS,Hudson_Transit,10019.0
2030-12-01,GWBBS,Hudson_Transit,10815.0
2025-01-01,GWBBS,Rockland,11479.0
2025-02-01,GWBBS,Rockland,8363.0
2025-03-01,GWBBS,Rockland,7825.0
2025-04-01,GWBBS,Rockland,11653.0
2025-05-01,GWBBS,Rockland,11097.0
2025-06-01,GWBBS,Rockland,7773.0
2025-07-01,GWBBS,Rockland,9161.0
2025-08-01,GWBBS,Rockland,9768.0
2025-09-01,GWBBS,Rockland,11347.0
2025-10-01,GWBBS,Rockland,9897.0
2025-11-01,GWBBS,Rockland,7461.0
2025-12-01,GWBBS,Rockland,8399.0
2026-01-01,GWBBS,Rockland,5710.0
2026-02-01,GWBBS,Rockland,7299.0
2026-03-01,GWBBS,Rockland,10060.0
2026-04-01,GWBBS,Rockland,8010.0
2026-05-01,GWBBS,Rockland,9547.0
2026-06-01,GWBBS,Rockland,11111.0
2026-07-01,GWBBS,Rockland,7989.0
2026-08-01,GWBBS,Rockland,12559.0
2026-09-01,GWBBS,Rockland,4529.0
2026-10-01,GWBBS,Rockland,6496.0
2026-11-01,GWBBS,Rockland,10123.0
2026-12-01,GWBBS,Rockland,9619.0
2027-01-01,GWBBS,Rockland,6292.0
2027-02-01,GWBBS,Rockland,4518.0
2027-03-01,GWBBS,Rockland,9649.0
2027-04-01,GWBBS,Rockland,9117.0
2027-05-01,GWBBS,Rockland,7030.0
2027-06-01,GWBBS,Rockland,9511.0
2027-07-01,GWBBS,Rockland,11031.0
2027-08-01,GWBBS,Rockland,6721.0
2027-09-01,GWBBS,Rockland,5749.0
2027-10-01,GWBBS,Rockland,9061.0
2027-11-01,GWBBS,Rockland,9485.0
2027-12-01,GWBBS,Rockland,12925.0
2028-01-01,GWBBS,Rockland,7027.0
2028-02-01,GWBBS,Rockland,11309.0
2028-03-01,GWBBS,Rockland,9293.0
2028-04-01,GWBBS,Rockland,9546.0
2028-05-01,GWBBS,Rockland,10255.0
2028-06-01,GWBBS,Rockland,11100.0
2028-07-01,GWBBS,Rockland,8687.0
2028-08-01,GWBBS,Rockland,9689.0
2028-09-01,GWBBS,Rockland,9222.0
2028-10-01,GWBBS,Rockland,5107.0
2028-11-01,GWBBS,Rockland,11539.0
2028-12-01,GWBBS,Rockland,8475.0
2029-01-01,GWBBS,Rockland,5630.0
2029-02-01,GWBBS,Rockland,9367.0
2029-03-01,GWBBS,Rockland,5494.0
2029-04-01,GWBBS,Rockland,7350.0
2029-05-01,GWBBS,Rockland,8959.0
2029-06-01,GWBBS,Rockland,11389.0
2029-07-01,GWBBS,Rockland,11686.0
2029-08-01,GWBBS,Rockland,9889.0
2029-09-01,GWBBS,Rockland,9616.0
2029-10-01,GWBBS,Rockland,8275.0
2029-11-01,GWBBS,Rockland,10753.0
2029-12-01,GWBBS,Rockland,8770.0
2030-01-01,GWBBS,Rockland,8911.0
2030-02-01,GWBBS,Rockland,8362.0
2030-03-01,GWBBS,Rockland,8244.0
2030-04-01,GWBBS,Rockland,10959.0
2030-05-01,GWBBS,Rockland,10109.0
2030-06-01,GWBBS,Rockland,9296.0
2030-07-01,GWBBS,Rockland,7046.0
2030-08-01,GWBBS,Rockland,10577.0
2030-09-01,GWBBS,Rockland,11182.0
2030-10-01,GWBBS,Rockland,6562.0
2030-11-01,GWBBS,Rockland,3897.0
2030-12-01,GWBBS,Rockland,8778.0
2025-01-01,GWBBS,NJ_Transit,10020.0
2025-02-01,GWBBS,NJ_Transit,10687.0
2025-03-01,GWBBS,NJ_Transit,12041.0
2025-04-01,GWBBS,NJ_Transit,14129.0
2025-05-01,GWBBS,NJ_Transit,9290.0
2025-06-01,GWBBS,NJ_Transit,10462.0
2025-07-01,GWBBS,NJ_Transit,8878.0
2025-08-01,GWBBS,NJ_Transit,12906.0
2025-09-01,GWBBS,NJ_Transit,10980.0
2025-10-01,GWBBS,NJ_Transit,9640.0
2025-11-01,GWBBS,NJ_Transit,10731.0
2025-12-01,GWBBS,NJ_Transit,5574.0
2026-01-01,GWBBS,NJ_Transit,11126.0
2026-02-01,GWBBS,NJ_Transit,11804.0
2026-03-01,GWBBS,NJ_Transit,13552.0
2026-04-01,GWBBS,NJ_Transit,15165.0
2026-05-01,GWBBS,NJ_Transit,13240.0
2026-06-01,GWBBS,NJ_Transit,10491.0
2026-07-01,GWBBS,NJ_Transit,11337.0
2026-08-01,GWBBS,NJ_Transit,15341.0
2026-09-01,GWBBS,NJ_Transit,7073.0
2026-10-01,GWBBS,NJ_Transit,12531.0
2026-11-01,GWBBS,NJ_Transit,11118.0
2026-12-01,GWBBS,NJ_Transit,9969.0
2027-01-01,GWBBS,NJ_Transit,6917.0
2027-02-01,GWBBS,NJ_Transit,6055.0
2027-03-01,GWBBS,NJ_Transit,14716.0
2027-04-01,GWBBS,NJ_Transit,16764.0
2027-05-01,GWBBS,NJ_Transit,13078.0
2027-06-01,GWBBS,NJ_Transit,14248.0
2027-07-01,GWBBS,NJ_Transit,10415.0
2027-08-01,GWBBS,NJ_Transit,11471.0
2027-09-01,GWBBS,NJ_Transit,12153.0
2027-10-01,GWBBS,NJ_Transit,11445.0
2027-11-01,GWBBS,NJ_Transit,9782.0
2027-12-01,GWBBS,NJ_Transit,8106.0
2028-01-01,GWBBS,NJ_Transit,8297.0
2028-02-01,GWBBS,NJ_Transit,13677.0
2028-03-01,GWBBS,NJ_Transit,13356.0
2028-04-01,GWBBS,NJ_Transit,14124.0
2028-05-01,GWBBS,NJ_Transit,14524.0
2028-06-01,GWBBS,NJ_Transit,15706.0
2028-07-01,GWBBS,NJ_Transit,11595.0
2028-08-01,GWBBS,NJ_Transit,15277.0
2028-09-01,GWBBS,NJ_Transit,10646.0
2028-10-01,GWBBS,NJ_Transit,11885.0
2028-11-01,GWBBS,NJ_Transit,14112.0
2028-12-01,GWBBS,NJ_Transit,12163.0
2029-01-01,GWBBS,NJ_Transit,10691.0
2029-02-01,GWBBS,NJ_Transit,14000.0
2029-03-01,GWBBS,NJ_Transit,13672.0
2029-04-01,GWBBS,NJ_Transit,9484.0
2029-05-01,GWBBS,NJ_Transit,12246.0
2029-06-01,GWBBS,NJ_Transit,8521.0
2029-07-01,GWBBS,NJ_Transit,10151.0
2029-08-01,GWBBS,NJ_Transit,12381.0
2029-09-01,GWBBS,NJ_Transit,10484.0
2029-10-01,GWBBS,NJ_Transit,14358.0
2029-11-01,GWBBS,NJ_Transit,14014.0
2029-12-01,GWBBS,NJ_Transit,9656.0
2030-01-01,GWBBS,NJ_Transit,11267.0
2030-02-01,GWBBS,NJ_Transit,15212.0
2030-03-01,GWBBS,NJ_Transit,15450.0
2030-04-01,GWBBS,NJ_Transit,12354.0
2030-05-01,GWBBS,NJ_Transit,14543.0
2030-06-01,GWBBS,NJ_Transit,13897.0
2030-07-01,GWBBS,NJ_Transit,18373.0
2030-08-01,GWBBS,NJ_Transit,16995.0
2030-09-01,GWBBS,NJ_Transit,12920.0
2030-10-01,GWBBS,NJ_Transit,13270.0
2030-11-01,GWBBS,NJ_Transit,12020.0
2030-12-01,GWBBS,NJ_Transit,11511.0
2025-01-01,GWBBS,Spanish,4168.0
2025-02-01,GWBBS,Spanish,3477.0
2025-03-01,GWBBS,Spanish,5559.0
2025-04-01,GWBBS,Spanish,8084.0
2025-05-01,GWBBS,Spanish,3353.0
2025-06-01,GWBBS,Spanish,4748.0
2025-07-01,GWBBS,Spanish,6514.0
2025-08-01,GWBBS,Spanish,3744.0
2025-09-01,GWBBS,Spanish,9801.0
2025-10-01,GWBBS,Spanish,8237.0
2025-11-01,GWBBS,Spanish,8234.0
2025-12-01,GWBBS,Spanish,4005.0
2026-01-01,GWBBS,Spanish,3491.0
2026-02-01,GWBBS,Spanish,4705.0
2026-03-01,GWBBS,Spanish,7561.0
2026-04-01,GWBBS,Spanish,4817.0
2026-05-01,GWBBS,Spanish,9062.0
2026-06-01,GWBBS,Spanish,7867.0
2026-07-01,GWBBS,Spanish,9651.0
2026-08-01,GWBBS,Spanish,7037.0
2026-09-01,GWBBS,Spanish,9056.0
2026-10-01,GWBBS,Spanish,8944.0
2026-11-01,GWBBS,Spanish,9630.0
2026-12-01,GWBBS,Spanish,3522.0
2027-01-01,GWBBS,Spanish,2620.0
2027-02-01,GWBBS,Spanish,4564.0
2027-03-01,GWBBS,Spanish,10043.0
2027-04-01,GWBBS,Spanish,6480.0
2027-05-01,GWBBS,Spanish,10138.0
2027-06-01,GWBBS,Spanish,8223.0
2027-07-01,GWBBS,Spanish,9826.0
2027-08-01,GWBBS,Spanish,10618.0
2027-09-01,GWBBS,Spanish,5523.0
2027-10-01,GWBBS,Spanish,6374.0
2027-11-01,GWBBS,Spanish,8456.0
2027-12-01,GWBBS,Spanish,7943.0
2028-01-01,GWBBS,Spanish,3492.0
2028-02-01,GWBBS,Spanish,9256.0
2028-03-01,GWBBS,Spanish,2574.0
2028-04-01,GWBBS,Spanish,6998.0
2028-05-01,GWBBS,Spanish,7119.0
2028-06-01,GWBBS,Spanish,10175.0
2028-07-01,GWBBS,Spanish,10285.0
2028-08-01,GWBBS,Spanish,8474.0
2028-09-01,GWBBS,Spanish,10631.0
2028-10-01,GWBBS,Spanish,7761.0
2028-11-01,GWBBS,Spanish,3648.0
2028-12-01,GWBBS,Spanish,4707.0
2029-01-01,GWBBS,Spanish,9134.0
2029-02-01,GWBBS,Spanish,8339.0
2029-03-01,GWBBS,Spanish,8529.0
2029-04-01,GWBBS,Spanish,9964.0
2029-05-01,GWBBS,Spanish,8401.0
2029-06-01,GWBBS,Spanish,4496.0
2029-07-01,GWBBS,Spanish,10839.0
2029-08-01,GWBBS,Spanish,13398.0
2029-09-01,GWBBS,Spanish,10737.0
2029-10-01,GWBBS,Spanish,5157.0
2029-11-01,GWBBS,Spanish,5125.0
2029-12-01,GWBBS,Spanish,3216.0
2030-01-01,GWBBS,Spanish,8296.0
2030-02-01,GWBBS,Spanish,7837.0
2030-03-01,GWBBS,Spanish,5161.0
2030-04-01,GWBBS,Spanish,8976.0
2030-05-01,GWBBS,Spanish,6360.0
2030-06-01,GWBBS,Spanish,8935.0
2030-07-01,GWBBS,Spanish,10489.0
2030-08-01,GWBBS,Spanish,4705.0
2030-09-01,GWBBS,Spanish,14390.0
2030-10-01,GWBBS,Spanish,3649.0
2030-11-01,GWBBS,Spanish,6352.0
2030-12-01,GWBBS,Spanish,9178.0
2025-01-01,GWBBS,Greyhound_LD,3799.0
2025-02-01,GWBBS,Greyhound_LD,4575.0
2025-03-01,GWBBS,Greyhound_LD,9641.0
2025-04-01,GWBBS,Greyhound_LD,8062.0
2025-05-01,GWBBS,Greyhound_LD,5331.0
2025-06-01,GWBBS,Greyhound_LD,5780.0
2025-07-01,GWBBS,Greyhound_LD,11279.0
2025-08-01,GWBBS,Greyhound_LD,13154.0
2025-09-01,GWBBS,Greyhound_LD,11644.0
2025-10-01,GWBBS,Greyhound_LD,2181.0
2025-11-01,GWBBS,Greyhound_LD,5395.0
2025-12-01,GWBBS,Greyhound_LD,494.0
2026-01-01,GWBBS,Greyhound_LD,4022.0
2026-02-01,GWBBS,Greyhound_LD,5850.0
2026-03-01,GWBBS,Greyhound_LD,8839.0
2026-04-01,GWBBS,Greyhound_LD,11767.0
2026-05-01,GWBBS,Greyhound_LD,4523.0
2026-06-01,GWBBS,Greyhound_LD,5676.0
2026-07-01,GWBBS,Greyhound_LD,7597.0
2026-08-01,GWBBS,Greyhound_LD,11957.0
2026-09-01,GWBBS,Greyhound_LD,3744.0
2026-10-01,GWBBS,Greyhound_LD,4623.0
2026-11-01,GWBBS,Greyhound_LD,7650.0
2026-12-01,GWBBS,Greyhound_LD,12559.0
2027-01-01,GWBBS,Greyhound_LD,4227.0
2027-02-01,GWBBS,Greyhound_LD,9233.0
2027-03-01,GWBBS,Greyhound_LD,5027.0
2027-04-01,GWBBS,Greyhound_LD,10256.0
2027-05-01,GWBBS,Greyhound_LD,5804.0
2027-06-01,GWBBS,Greyhound_LD,7807.0
2027-07-01,GWBBS,Greyhound_LD,6865.0
2027-08-01,GWBBS,Greyhound_LD,10197.0
2027-09-01,GWBBS,Greyhound_LD,7312.0
2027-10-01,GWBBS,Greyhound_LD,11435.0
2027-11-01,GWBBS,Greyhound_LD,8272.0
2027-12-01,GWBBS,Greyhound_LD,4071.0
2028-01-01,GWBBS,Greyhound_LD,9121.0
2028-02-01,GWBBS,Greyhound_LD,2982.0
2028-03-01,GWBBS,Greyhound_LD,5209.0
2028-04-01,GWBBS,Greyhound_LD,7290.0
2028-05-01,GWBBS,Greyhound_LD,2276.0
2028-06-01,GWBBS,Greyhound_LD,9377.0
2028-07-01,GWBBS,Greyhound_LD,5738.0
2028-08-01,GWBBS,Greyhound_LD,7760.0
2028-09-01,GWBBS,Greyhound_LD,4393.0
2028-10-01,GWBBS,Greyhound_LD,11225.0
2028-11-01,GWBBS,Greyhound_LD,4810.0
2028-12-01,GWBBS,Greyhound_LD,3603.0
2029-01-01,GWBBS,Greyhound_LD,9773.0
2029-02-01,GWBBS,Greyhound_LD,5447.0
2029-03-01,GWBBS,Greyhound_LD,3375.0
2029-04-01,GWBBS,Greyhound_LD,6759.0
2029-05-01,GWBBS,Greyhound_LD,10901.0
2029-06-01,GWBBS,Greyhound_LD,7656.0
2029-07-01,GWBBS,Greyhound_LD,6597.0
2029-08-01,GWBBS,Greyhound_LD,7430.0
2029-09-01,GWBBS,Greyhound_LD,6253.0
2029-10-01,GWBBS,Greyhound_LD,3873.0
2029-11-01,GWBBS,Greyhound_LD,11563.0
2029-12-01,GWBBS,Greyhound_LD,6237.0
2030-01-01,GWBBS,Greyhound_LD,9860.0
2030-02-01,GWBBS,Greyhound_LD,9636.0
2030-03-01,GWBBS,Greyhound_LD,4836.0
2030-04-01,GWBBS,Greyhound_LD,8055.0
2030-05-01,GWBBS,Greyhound_LD,7477.0
2030-06-01,GWBBS,Greyhound_LD,7232.0
2030-07-01,GWBBS,Greyhound_LD,9365.0
2030-08-01,GWBBS,Greyhound_LD,6013.0
2030-09-01,GWBBS,Greyhound_LD,2686.0
2030-10-01,GWBBS,Greyhound_LD,10081.0
2030-11-01,GWBBS,Greyhound_LD,6724.0
2030-12-01,GWBBS,Greyhound_LD,5780.0
2025-01-01,GWBBS,OurBus_LD,3336.0
2025-02-01,GWBBS,OurBus_LD,5339.0
2025-03-01,GWBBS,OurBus_LD,11029.0
2025-04-01,GWBBS,OurBus_LD,4286.0
2025-05-01,GWBBS,OurBus_LD,10915.0
2025-06-01,GWBBS,OurBus_LD,10413.0
2025-07-01,GWBBS,OurBus_LD,15862.0
2025-08-01,GWBBS,OurBus_LD,8498.0
2025-09-01,GWBBS,OurBus_LD,9384.0
2025-10-01,GWBBS,OurBus_LD,1794.0
2025-11-01,GWBBS,OurBus_LD,8448.0
2025-12-01,GWBBS,OurBus_LD,9774.0
2026-01-01,GWBBS,OurBus_LD,10903.0
2026-02-01,GWBBS,OurBus_LD,11709.0
2026-03-01,GWBBS,OurBus_LD,8099.0
2026-04-01,GWBBS,OurBus_LD,9829.0
2026-05-01,GWBBS,OurBus_LD,4426.0
2026-06-01,GWBBS,OurBus_LD,5111.0
2026-07-01,GWBBS,OurBus_LD,10520.0
2026-08-01,GWBBS,OurBus_LD,9070.0
2026-09-01,GWBBS,OurBus_LD,9670.0
2026-10-01,GWBBS,OurBus_LD,9775.0
2026-11-01,GWBBS,OurBus_LD,5743.0
2026-12-01,GWBBS,OurBus_LD,577.0
2027-01-01,GWBBS,OurBus_LD,10276.0
2027-02-01,GWBBS,OurBus_LD,4425.0
2027-03-01,GWBBS,OurBus_LD,8835.0
2027-04-01,GWBBS,OurBus_LD,10795.0
2027-05-01,GWBBS,OurBus_LD,5620.0
2027-06-01,GWBBS,OurBus_LD,6366.0
2027-07-01,GWBBS,OurBus_LD,9325.0
2027-08-01,GWBBS,OurBus_LD,8084.0
2027-09-01,GWBBS,OurBus_LD,15283.0
2027-10-01,GWBBS,OurBus_LD,12700.0
2027-11-01,GWBBS,OurBus_LD,4449.0
2027-12-01,GWBBS,OurBus_LD,11662.0
2028-01-01,GWBBS,OurBus_LD,7516.0
2028-02-01,GWBBS,OurBus_LD,9740.0
2028-03-01,GWBBS,OurBus_LD,7100.0
2028-04-01,GWBBS,OurBus_LD,10912.0
2028-05-01,GWBBS,OurBus_LD,17885.0
2028-06-01,GWBBS,OurBus_LD,8093.0
2028-07-01,GWBBS,OurBus_LD,1978.0
2028-08-01,GWBBS,OurBus_LD,10214.0
2028-09-01,GWBBS,OurBus_LD,6881.0
2028-10-01,GWBBS,OurBus_LD,10051.0
2028-11-01,GWBBS,OurBus_LD,9310.0
2028-12-01,GWBBS,OurBus_LD,6976.0
2029-01-01,GWBBS,OurBus_LD,8526.0
2029-02-01,GWBBS,OurBus_LD,14963.0
2029-03-01,GWBBS,OurBus_LD,8701.0
2029-04-01,GWBBS,OurBus_LD,4774.0
2029-05-01,GWBBS,OurBus_LD,10566.0
2029-06-01,GWBBS,OurBus_LD,8006.0
2029-07-01,GWBBS,OurBus_LD,9288.0
2029-08-01,GWBBS,OurBus_LD,6508.0
2029-09-01,GWBBS,OurBus_LD,13059.0
2029-10-01,GWBBS,OurBus_LD,10262.0
2029-11-01,GWBBS,OurBus_LD,4926.0
2029-12-01,GWBBS,OurBus_LD,2578.0
2030-01-01,GWBBS,OurBus_LD,9238.0
2030-02-01,GWBBS,OurBus_LD,7137.0
2030-03-01,GWBBS,OurBus_LD,8680.0
2030-04-01,GWBBS,OurBus_LD,8201.0
2030-05-01,GWBBS,OurBus_LD,5409.0
2030-06-01,GWBBS,OurBus_LD,11572.0
2030-07-01,GWBBS,OurBus_LD,9070.0
2030-08-01,GWBBS,OurBus_LD,8879.0
2030-09-01,GWBBS,OurBus_LD,12169.0
2030-10-01,GWBBS,OurBus_LD,11363.0
2030-11-01,GWBBS,OurBus_LD,4864.0
2030-12-01,GWBBS,OurBus_LD,11452.0
2025-01-01,GWBBS,Saddle_River,12959.0
2025-02-01,GWBBS,Saddle_River,3268.0
2025-03-01,GWBBS,Saddle_River,8455.0
2025-04-01,GWBBS,Saddle_River,12982.0
2025-05-01,GWBBS,Saddle_River,169.0
2025-06-01,GWBBS,Saddle_River,4542.0
2025-07-01,GWBBS,Saddle_River,6406.0
2025-08-01,GWBBS,Saddle_River,7350.0
2025-09-01,GWBBS,Saddle_River,5152.0
2025-10-01,GWBBS,Saddle_River,9388.0
2025-11-01,GWBBS,Saddle_River,4459.0
2025-12-01,GWBBS,Saddle_River,9435.0
2026-01-01,GWBBS,Saddle_River,0.0
2026-02-01,GWBBS,Saddle_River,6767.0
2026-03-01,GWBBS,Saddle_River,6628.0
2026-04-01,GWBBS,Saddle_River,10500.0
2026-05-01,GWBBS,Saddle_River,5042.0
2026-06-01,GWBBS,Saddle_River,10551.0
2026-07-01,GWBBS,Saddle_River,9458.0
2026-08-01,GWBBS,Saddle_River,9536.0
2026-09-01,GWBBS,Saddle_River,4254.0
2026-10-01,GWBBS,Saddle_River,11829.0
2026-11-01,GWBBS,Saddle_River,2908.0
2026-12-01,GWBBS,Saddle_River,19158.0
2027-01-01,GWBBS,Saddle_River,1444.0
2027-02-01,GWBBS,Saddle_River,1654.0
2027-03-01,GWBBS,Saddle_River,8119.0
2027-04-01,GWBBS,Saddle_River,10443.0
2027-05-01,GWBBS,Saddle_River,10314.0
2027-06-01,GWBBS,Saddle_River,8265.0
2027-07-01,GWBBS,Saddle_River,6699.0
2027-08-01,GWBBS,Saddle_River,4259.0
2027-09-01,GWBBS,Saddle_River,10635.0
2027-10-01,GWBBS,Saddle_River,10637.0
2027-11-01,GWBBS,Saddle_River,6407.0
2027-12-01,GWBBS,Saddle_River,5729.0
2028-01-01,GWBBS,Saddle_River,6062.0
2028-02-01,GWBBS,Saddle_River,7207.0
2028-03-01,GWBBS,Saddle_River,10712.0
2028-04-01,GWBBS,Saddle_River,5495.0
2028-05-01,GWBBS,Saddle_River,6240.0
2028-06-01,GWBBS,Saddle_River,4370.0
2028-07-01,GWBBS,Saddle_River,11188.0
2028-08-01,GWBBS,Saddle_River,6873.0
2028-09-01,GWBBS,Saddle_River,7778.0
2028-10-01,GWBBS,Saddle_River,14527.0
2028-11-01,GWBBS,Saddle_River,7573.0
2028-12-01,GWBBS,Saddle_River,8346.0
2029-01-01,GWBBS,Saddle_River,10825.0
2029-02-01,GWBBS,Saddle_River,6423.0
2029-03-01,GWBBS,Saddle_River,10080.0
2029-04-01,GWBBS,Saddle_River,12008.0
2029-05-01,GWBBS,Saddle_River,6256.0
2029-06-01,GWBBS,Saddle_River,8604.0
2029-07-01,GWBBS,Saddle_River,9328.0
2029-08-01,GWBBS,Saddle_River,12468.0
2029-09-01,GWBBS,Saddle_River,8081.0
2029-10-01,GWBBS,Saddle_River,13569.0
2029-11-01,GWBBS,Saddle_River,8403.0
2029-12-01,GWBBS,Saddle_River,13593.0
2030-01-01,GWBBS,Saddle_River,4217.0
2030-02-01,GWBBS,Saddle_River,8193.0
2030-03-01,GWBBS,Saddle_River,4684.0
2030-04-01,GWBBS,Saddle_River,9726.0
2030-05-01,GWBBS,Saddle_River,7289.0
2030-06-01,GWBBS,Saddle_River,14231.0
2030-07-01,GWBBS,Saddle_River,8595.0
2030-08-01,GWBBS,Saddle_River,10419.0
2030-09-01,GWBBS,Saddle_River,5805.0
2030-10-01,GWBBS,Saddle_River,4753.0
2030-11-01,GWBBS,Saddle_River,7046.0
2030-12-01,GWBBS,Saddle_River,9031.0
2025-01-01,GWBBS,Saddle_River_LD,8217.0
2025-02-01,GWBBS,Saddle_River_LD,5337.0
2025-03-01,GWBBS,Saddle_River_LD,7742.0
2025-04-01,GWBBS,Saddle_River_LD,1358.0
2025-05-01,GWBBS,Saddle_River_LD,5412.0
2025-06-01,GWBBS,Saddle_River_LD,9412.0
2025-07-01,GWBBS,Saddle_River_LD,9644.0
2025-08-01,GWBBS,Saddle_River_LD,11356.0
2025-09-01,GWBBS,Saddle_River_LD,143.0
2025-10-01,GWBBS,Saddle_River_LD,3919.0
2025-11-01,GWBBS,Saddle_River_LD,3957.0
2025-12-01,GWBBS,Saddle_River_LD,4733.0
2026-01-01,GWBBS,Saddle_River_LD,4760.0
2026-02-01,GWBBS,Saddle_River_LD,10241.0
2026-03-01,GWBBS,Saddle_River_LD,7653.0
2026-04-01,GWBBS,Saddle_River_LD,7869.0
2026-05-01,GWBBS,Saddle_River_LD,11388.0
2026-06-01,GWBBS,Saddle_River_LD,9529.0
2026-07-01,GWBBS,Saddle_River_LD,12116.0
2026-08-01,GWBBS,Saddle_River_LD,9262.0
2026-09-01,GWBBS,Saddle_River_LD,4502.0
2026-10-01,GWBBS,Saddle_River_LD,10247.0
2026-11-01,GWBBS,Saddle_River_LD,4960.0
2026-12-01,GWBBS,Saddle_River_LD,2535.0
2027-01-01,GWBBS,Saddle_River_LD,9683.0
2027-02-01,GWBBS,Saddle_River_LD,12006.0
2027-03-01,GWBBS,Saddle_River_LD,0.0
2027-04-01,GWBBS,Saddle_River_LD,13231.0
2027-05-01,GWBBS,Saddle_River_LD,2423.0
2027-06-01,GWBBS,Saddle_River_LD,4926.0
2027-07-01,GWBBS,Saddle_River_LD,8767.0
2027-08-01,GWBBS,Saddle_River_LD,8994.0
2027-09-01,GWBBS,Saddle_River_LD,5908.0
2027-10-01,GWBBS,Saddle_River_LD,5872.0
2027-11-01,GWBBS,Saddle_River_LD,5394.0
2027-12-01,GWBBS,Saddle_River_LD,6259.0
2028-01-01,GWBBS,Saddle_River_LD,7323.0
2028-02-01,GWBBS,Saddle_River_LD,12136.0
2028-03-01,GWBBS,Saddle_River_LD,5324.0
2028-04-01,GWBBS,Saddle_River_LD,8065.0
2028-05-01,GWBBS,Saddle_River_LD,7541.0
2028-06-01,GWBBS,Saddle_River_LD,5400.0
2028-07-01,GWBBS,Saddle_River_LD,9187.0
2028-08-01,GWBBS,Saddle_River_LD,15024.0
2028-09-01,GWBBS,Saddle_River_LD,4980.0
2028-10-01,GWBBS,Saddle_River_LD,10447.0
2028-11-01,GWBBS,Saddle_River_LD,7536.0
2028-12-01,GWBBS,Saddle_River_LD,5677.0
2029-01-01,GWBBS,Saddle_River_LD,2445.0
2029-02-01,GWBBS,Saddle_River_LD,5982.0
2029-03-01,GWBBS,Saddle_River_LD,2106.0
2029-04-01,GWBBS,Saddle_River_LD,6964.0
2029-05-01,GWBBS,Saddle_River_LD,16974.0
2029-06-01,GWBBS,Saddle_River_LD,5776.0
2029-07-01,GWBBS,Saddle_River_LD,7747.0
2029-08-01,GWBBS,Saddle_River_LD,13567.0
2029-09-01,GWBBS,Saddle_River_LD,11019.0
2029-10-01,GWBBS,Saddle_River_LD,2804.0
2029-11-01,GWBBS,Saddle_River_LD,0.0
2029-12-01,GWBBS,Saddle_River_LD,4476.0
2030-01-01,GWBBS,Saddle_River_LD,8624.0
2030-02-01,GWBBS,Saddle_River_LD,11174.0
2030-03-01,GWBBS,Saddle_River_LD,14614.0
2030-04-01,GWBBS,Saddle_River_LD,15602.0
2030-05-01,GWBBS,Saddle_River_LD,9666.0
2030-06-01,GWBBS,Saddle_River_LD,6374.0
2030-07-01,GWBBS,Saddle_River_LD,15668.0
2030-08-01,GWBBS,Saddle_River_LD,8844.0
2030-09-01,GWBBS,Saddle_River_LD,6997.0
2030-10-01,GWBBS,Saddle_River_LD,10087.0
2030-11-01,GWBBS,Saddle_River_LD,4230.0
2030-12-01,GWBBS,Saddle_River_LD,9192.0
2025-01-01,GWBBS,Vanessa,0.0
2025-02-01,GWBBS,Vanessa,6237.0
2025-03-01,GWBBS,Vanessa,7900.0
2025-04-01,GWBBS,Vanessa,5464.0
2025-05-01,GWBBS,Vanessa,7596.0
2025-06-01,GWBBS,Vanessa,3943.0
2025-07-01,GWBBS,Vanessa,10377.0
2025-08-01,GWBBS,Vanessa,476.0
2025-09-01,GWBBS,Vanessa,6729.0
2025-10-01,GWBBS,Vanessa,6683.0
2025-11-01,GWBBS,Vanessa,11425.0
2025-12-01,GWBBS,Vanessa,329.0
2026-01-01,GWBBS,Vanessa,3975.0
2026-02-01,GWBBS,Vanessa,4997.0
2026-03-01,GWBBS,Vanessa,8688.0
2026-04-01,GWBBS,Vanessa,5946.0
2026-05-01,GWBBS,Vanessa,8720.0
2026-06-01,GWBBS,Vanessa,11933.0
2026-07-01,GWBBS,Vanessa,5780.0
2026-08-01,GWBBS,Vanessa,14065.0
2026-09-01,GWBBS,Vanessa,7377.0
2026-10-01,GWBBS,Vanessa,14636.0
2026-11-01,GWBBS,Vanessa,5319.0
2026-12-01,GWBBS,Vanessa,0.0
2027-01-01,GWBBS,Vanessa,4419.0
2027-02-01,GWBBS,Vanessa,10639.0
2027-03-01,GWBBS,Vanessa,9378.0
2027-04-01,GWBBS,Vanessa,13962.0
2027-05-01,GWBBS,Vanessa,11784.0
2027-06-01,GWBBS,Vanessa,13582.0
2027-07-01,GWBBS,Vanessa,9581.0
2027-08-01,GWBBS,Vanessa,13859.0
2027-09-01,GWBBS,Vanessa,1581.0
2027-10-01,GWBBS,Vanessa,11478.0
2027-11-01,GWBBS,Vanessa,6425.0
2027-12-01,GWBBS,Vanessa,14054.0
2028-01-01,GWBBS,Vanessa,8431.0
2028-02-01,GWBBS,Vanessa,10140.0
2028-03-01,GWBBS,Vanessa,890.0
2028-04-01,GWBBS,Vanessa,11944.0
2028-05-01,GWBBS,Vanessa,10889.0
2028-06-01,GWBBS,Vanessa,7484.0
2028-07-01,GWBBS,Vanessa,3716.0
2028-08-01,GWBBS,Vanessa,6076.0
2028-09-01,GWBBS,Vanessa,13193.0
2028-10-01,GWBBS,Vanessa,6089.0
2028-11-01,GWBBS,Vanessa,10685.0
2028-12-01,GWBBS,Vanessa,7854.0
2029-01-01,GWBBS,Vanessa,2677.0
2029-02-01,GWBBS,Vanessa,6628.0
2029-03-01,GWBBS,Vanessa,9991.0
2029-04-01,GWBBS,Vanessa,16668.0
2029-05-01,GWBBS,Vanessa,8444.0
2029-06-01,GWBBS,Vanessa,9730.0
2029-07-01,GWBBS,Vanessa,14944.0
2029-08-01,GWBBS,Vanessa,9939.0
2029-09-01,GWBBS,Vanessa,11789.0
2029-10-01,GWBBS,Vanessa,11232.0
2029-11-01,GWBBS,Vanessa,17459.0
2029-12-01,GWBBS,Vanessa,11492.0
2030-01-01,GWBBS,Vanessa,6035.0
2030-02-01,GWBBS,Vanessa,8299.0
2030-03-01,GWBBS,Vanessa,9895.0
2030-04-01,GWBBS,Vanessa,17809.0
2030-05-01,GWBBS,Vanessa,10564.0
2030-06-01,GWBBS,Vanessa,20641.0
2030-07-01,GWBBS,Vanessa,10863.0
2030-08-01,GWBBS,Vanessa,14229.0
2030-09-01,GWBBS,Vanessa,9306.0
2030-10-01,GWBBS,Vanessa,6406.0
2030-11-01,GWBBS,Vanessa,7513.0
2030-12-01,GWBBS,Vanessa,15263.0
